id,away_score,backfilled,balls,batter_id,observed_at,game_id,home_score,inning,inning_type,outs,pitcher_id,play_order,runner_on_first,runner_on_second,runner_on_third,score_value,scoring_play,source,strikes,text,type
608,0,f,0,,2026-07-12 20:10:59.516511+00,5059222,0,1,Top,0,,242614059,,,,,f,S3_LIVE_ARCHIVE,0,Top of the 1st inning,Start Inning
609,0,f,0,22,2026-07-12 20:10:59.516511+00,5059222,0,1,Top,0,5460,242614060,,,,,f,S3_LIVE_ARCHIVE,0,Emmet Sheehan pitches to Ketel Marte,Start Batter/Pitcher
610,0,f,0,22,2026-07-12 20:12:00.270902+00,5059222,0,1,Top,0,5460,242619115,,,,,f,S3_LIVE_ARCHIVE,0,Pitch 1 : Ball 1,Ball
611,0,f,1,22,2026-07-12 20:12:00.270902+00,5059222,0,1,Top,0,5460,242619116,,,,,f,S3_LIVE_ARCHIVE,0,Pitch 2 : Strike 1 Swinging,Strike Swinging
612,0,f,1,22,2026-07-12 20:12:59.823324+00,5059222,0,1,Top,0,5460,242624321,,,,,f,S3_LIVE_ARCHIVE,1,Pitch 3 : Strike 2 Looking,Strike Looking
613,0,f,1,22,2026-07-12 20:12:59.823324+00,5059222,0,1,Top,0,5460,242624322,,,,,f,S3_LIVE_ARCHIVE,2,Pitch 4 : Strike 2 Foul,Foul Ball
614,0,f,1,22,2026-07-12 20:13:59.584241+00,5059222,0,1,Top,0,5460,242629569,,,,,f,S3_LIVE_ARCHIVE,2,Pitch 5 : Strike 2 Foul,Foul Ball
615,0,f,1,22,2026-07-12 20:15:01.862548+00,5059222,0,1,Top,0,5460,242634860,,,,,f,S3_LIVE_ARCHIVE,2,Pitch 6 : Ball 2,Ball
616,0,f,2,22,2026-07-12 20:15:01.862548+00,5059222,0,1,Top,0,5460,242634861,,,,,f,S3_LIVE_ARCHIVE,2,Pitch 7 : Strike 2 Foul,Foul Ball
617,0,f,2,22,2026-07-12 20:15:59.99306+00,5059222,0,1,Top,0,5460,242640189,,,,,f,S3_LIVE_ARCHIVE,2,Pitch 8 : Strike 2 Foul,Foul Ball
618,0,f,2,22,2026-07-12 20:15:59.99306+00,5059222,0,1,Top,0,5460,242640190,,,,,f,S3_LIVE_ARCHIVE,2,Pitch 9 : Strike 2 Foul,Foul Ball
619,0,f,2,22,2026-07-12 20:15:59.99306+00,5059222,0,1,Top,0,5460,242640191,,,,,f,S3_LIVE_ARCHIVE,2,Pitch 10 : Strike 2 Foul,Foul Ball
620,0,f,2,22,2026-07-12 20:17:01.042179+00,5059222,0,1,Top,0,5460,242646944,,,,,f,S3_LIVE_ARCHIVE,2,Pitch 11 : Strike 2 Foul,Foul Ball
621,0,f,2,22,2026-07-12 20:18:01.923727+00,5059222,0,1,Top,0,5460,242652335,,,,,f,S3_LIVE_ARCHIVE,2,Pitch 12 : Strike 2 Foul,Foul Ball
622,0,f,2,22,2026-07-12 20:18:01.923727+00,5059222,0,1,Top,0,5460,242652336,,,,,f,S3_LIVE_ARCHIVE,2,Pitch 13 : Strike 2 Foul,Foul Ball
623,0,f,2,22,2026-07-12 20:19:02.46601+00,5059222,0,1,Top,1,5460,242659953,,,,,f,S3_LIVE_ARCHIVE,2,Pitch 14 : Strike 3 Swinging,Strike Swinging
624,0,f,2,22,2026-07-12 20:19:02.46601+00,5059222,0,1,Top,1,5460,242659954,,,,,f,S3_LIVE_ARCHIVE,3,Marte struck out swinging.,Play Result
625,0,f,2,22,2026-07-12 20:19:02.46601+00,5059222,0,1,Top,1,5460,242659955,,,,,f,S3_LIVE_ARCHIVE,3,,End Batter/Pitcher
626,0,f,0,5,2026-07-12 20:19:02.46601+00,5059222,0,1,Top,1,5460,242659956,,,,,f,S3_LIVE_ARCHIVE,0,Emmet Sheehan pitches to Geraldo Perdomo,Start Batter/Pitcher
627,0,f,0,5,2026-07-12 20:19:02.46601+00,5059222,0,1,Top,1,5460,242659957,,,,,f,S3_LIVE_ARCHIVE,0,Pitch 1 : Strike 1 Looking,Strike Looking
628,0,f,0,5,2026-07-12 20:20:35.464829+00,5059222,0,1,Top,2,5460,242664702,,,,,f,S3_LIVE_ARCHIVE,1,Pitch 2 : Strike 2 Foul,Foul Ball
629,0,f,0,5,2026-07-12 20:20:35.464829+00,5059222,0,1,Top,2,5460,242664703,,,,,f,S3_LIVE_ARCHIVE,2,Pitch 3 : Strike 3 Swinging,Strike Swinging
630,0,f,0,5,2026-07-12 20:20:35.464829+00,5059222,0,1,Top,2,5460,242664704,,,,,f,S3_LIVE_ARCHIVE,3,Perdomo struck out swinging.,Play Result
631,0,f,0,5,2026-07-12 20:20:35.464829+00,5059222,0,1,Top,2,5460,242664705,,,,,f,S3_LIVE_ARCHIVE,3,,End Batter/Pitcher
632,0,f,0,23,2026-07-12 20:20:35.464829+00,5059222,0,1,Top,2,5460,242664706,,,,,f,S3_LIVE_ARCHIVE,0,Emmet Sheehan pitches to Corbin Carroll,Start Batter/Pitcher
633,0,f,0,23,2026-07-12 20:21:35.274285+00,5059222,0,1,Top,2,5460,242670181,,,,,f,S3_LIVE_ARCHIVE,0,Pitch 1 : Ball 1,Ball
634,0,f,1,23,2026-07-12 20:21:35.274285+00,5059222,0,1,Top,2,5460,242670182,,,,,f,S3_LIVE_ARCHIVE,0,Pitch 2 : Strike 1 Looking,Strike Looking
635,0,f,1,23,2026-07-12 20:21:35.274285+00,5059222,0,1,Top,2,5460,242670183,,,,,f,S3_LIVE_ARCHIVE,1,Pitch 3 : Ball 2,Ball
636,0,f,2,23,2026-07-12 20:22:35.344971+00,5059222,0,1,Top,3,5460,242674325,,,,,f,S3_LIVE_ARCHIVE,1,Pitch 4 : Strike 2 Foul,Foul Ball
637,0,f,2,23,2026-07-12 20:22:35.344971+00,5059222,0,1,Top,3,5460,242674326,,,,,f,S3_LIVE_ARCHIVE,2,Pitch 5 : Strike 3 Swinging,Strike Swinging
638,0,f,2,23,2026-07-12 20:22:35.344971+00,5059222,0,1,Top,3,5460,242674327,,,,,f,S3_LIVE_ARCHIVE,3,Carroll struck out swinging.,Play Result
639,0,f,2,23,2026-07-12 20:22:35.344971+00,5059222,0,1,Top,3,5460,242674328,,,,,f,S3_LIVE_ARCHIVE,3,,End Batter/Pitcher
640,0,f,0,,2026-07-12 20:22:35.344971+00,5059222,0,1,Mid,0,,242674329,,,,,f,S3_LIVE_ARCHIVE,0,Middle of the 1st inning,End Inning
641,0,f,0,,2026-07-12 20:24:35.68323+00,5059222,0,1,Bottom,0,,242685362,,,,,f,S3_LIVE_ARCHIVE,0,Bottom of the 1st inning,Start Inning
642,0,f,0,208,2026-07-12 20:24:35.68323+00,5059222,0,1,Bottom,0,4667266,242685363,,,,,f,S3_LIVE_ARCHIVE,0,Mitch Bratt pitches to Shohei Ohtani,Start Batter/Pitcher
643,0,f,0,208,2026-07-12 20:25:35.521633+00,5059222,1,1,Bottom,0,4667266,242690540,,,,,f,S3_LIVE_ARCHIVE,0,Pitch 1 : Ball In Play,Home Run
644,0,f,0,208,2026-07-12 20:25:35.521633+00,5059222,1,1,Bottom,0,4667266,242690541,,,,1,t,S3_LIVE_ARCHIVE,0,Ohtani homered to center (437 feet).,Play Result
645,0,f,0,208,2026-07-12 20:25:35.521633+00,5059222,1,1,Bottom,0,4667266,242690542,,,,,f,S3_LIVE_ARCHIVE,0,,End Batter/Pitcher
646,0,f,0,176,2026-07-12 20:25:35.521633+00,5059222,1,1,Bottom,0,4667266,242690543,,,,,f,S3_LIVE_ARCHIVE,0,Mitch Bratt pitches to Andy Pages,Start Batter/Pitcher
647,0,f,0,176,2026-07-12 20:26:35.356883+00,5059222,1,1,Bottom,1,4667266,242694996,,,,,f,S3_LIVE_ARCHIVE,0,Pitch 1 : Ball In Play,Fly Out
648,0,f,0,176,2026-07-12 20:26:35.356883+00,5059222,1,1,Bottom,1,4667266,242694997,,,,,f,S3_LIVE_ARCHIVE,0,Pages flied out to center.,Play Result
649,0,f,0,176,2026-07-12 20:26:35.356883+00,5059222,1,1,Bottom,1,4667266,242694998,,,,,f,S3_LIVE_ARCHIVE,0,,End Batter/Pitcher
650,0,f,0,130,2026-07-12 20:26:35.356883+00,5059222,1,1,Bottom,1,4667266,242694999,,,,,f,S3_LIVE_ARCHIVE,0,Mitch Bratt pitches to Freddie Freeman,Start Batter/Pitcher
651,0,f,0,130,2026-07-12 20:26:35.356883+00,5059222,1,1,Bottom,1,4667266,242695000,,,,,f,S3_LIVE_ARCHIVE,0,Pitch 1 : Ball 1,Ball
652,0,f,1,130,2026-07-12 20:27:35.630077+00,5059222,1,1,Bottom,1,4667266,242701078,,,,,f,S3_LIVE_ARCHIVE,0,Pitch 2 : Ball 2,Ball
653,0,f,2,130,2026-07-12 20:27:35.630077+00,5059222,1,1,Bottom,1,4667266,242701079,,,,,f,S3_LIVE_ARCHIVE,0,Pitch 3 : Ball 3,Ball
654,0,f,3,130,2026-07-12 20:27:35.630077+00,5059222,1,1,Bottom,1,4667266,242701080,,,,,f,S3_LIVE_ARCHIVE,0,Pitch 4 : Strike 1 Foul,Foul Ball
655,0,f,3,130,2026-07-12 20:28:02.249931+00,5059222,1,1,Bottom,2,4667266,242703802,,,,,f,S3_LIVE_ARCHIVE,1,Pitch 5 : Strike 2 Foul,Foul Ball
656,0,f,3,130,2026-07-12 20:28:02.249931+00,5059222,1,1,Bottom,2,4667266,242703803,,,,,f,S3_LIVE_ARCHIVE,2,Pitch 6 : Ball In Play,Fly Out
657,0,f,3,130,2026-07-12 20:28:02.249931+00,5059222,1,1,Bottom,2,4667266,242703804,,,,,f,S3_LIVE_ARCHIVE,2,Freeman flied out to left.,Play Result
658,0,f,3,130,2026-07-12 20:28:02.249931+00,5059222,1,1,Bottom,2,4667266,242703805,,,,,f,S3_LIVE_ARCHIVE,2,,End Batter/Pitcher
659,0,f,0,118,2026-07-12 20:28:02.249931+00,5059222,1,1,Bottom,2,4667266,242703806,,,,,f,S3_LIVE_ARCHIVE,0,Mitch Bratt pitches to Mookie Betts,Start Batter/Pitcher
660,0,f,0,118,2026-07-12 20:28:02.249931+00,5059222,1,1,Bottom,2,4667266,242703807,,,,,f,S3_LIVE_ARCHIVE,0,Pitch 1 : Ball 1,Ball
661,0,f,1,118,2026-07-12 20:29:35.515697+00,5059222,1,1,Bottom,2,4667266,242708558,,,,,f,S3_LIVE_ARCHIVE,0,Pitch 2 : Ball 2,Ball
662,0,f,2,118,2026-07-12 20:29:35.515697+00,5059222,1,1,Bottom,2,4667266,242708559,,,,,f,S3_LIVE_ARCHIVE,0,Pitch 3 : Strike 1 Foul,Foul Ball
663,0,f,2,118,2026-07-12 20:29:35.515697+00,5059222,1,1,Bottom,2,4667266,242708560,,,,,f,S3_LIVE_ARCHIVE,1,Pitch 4 : Strike 2 Looking,Strike Looking
664,0,f,2,118,2026-07-12 20:29:59.985413+00,5059222,1,1,Bottom,3,4667266,242713343,,,,,f,S3_LIVE_ARCHIVE,2,Pitch 5 : Ball In Play,Ground Out
665,0,f,2,118,2026-07-12 20:29:59.985413+00,5059222,1,1,Bottom,3,4667266,242713344,,,,,f,S3_LIVE_ARCHIVE,2,Betts grounded out to shortstop.,Play Result
666,0,f,2,118,2026-07-12 20:29:59.985413+00,5059222,1,1,Bottom,3,4667266,242713345,,,,,f,S3_LIVE_ARCHIVE,2,,End Batter/Pitcher
667,0,f,0,,2026-07-12 20:29:59.985413+00,5059222,1,1,End,0,,242713346,,,,,f,S3_LIVE_ARCHIVE,0,End of the 1st inning,End Inning
668,0,f,0,,2026-07-12 20:32:35.70697+00,5059222,1,2,Top,0,,242731343,,,,,f,S3_LIVE_ARCHIVE,0,Top of the 2nd inning,Start Inning
669,0,f,0,3,2026-07-12 20:32:35.70697+00,5059222,1,2,Top,0,5460,242731344,,,,,f,S3_LIVE_ARCHIVE,0,Emmet Sheehan pitches to Gabriel Moreno,Start Batter/Pitcher
670,0,f,0,3,2026-07-12 20:32:35.70697+00,5059222,1,2,Top,0,5460,242731345,,,,,f,S3_LIVE_ARCHIVE,0,Pitch 1 : Strike 1 Foul,Foul Ball
671,0,f,0,3,2026-07-12 20:32:59.907782+00,5059222,1,2,Top,0,5460,242735190,,,,,f,S3_LIVE_ARCHIVE,1,Pitch 2 : Ball In Play,Single
672,0,f,0,3,2026-07-12 20:32:59.907782+00,5059222,1,2,Top,0,5460,242735191,,,,,f,S3_LIVE_ARCHIVE,1,Moreno singled to left.,Play Result
673,0,f,0,3,2026-07-12 20:32:59.907782+00,5059222,1,2,Top,0,5460,242735192,,,,,f,S3_LIVE_ARCHIVE,1,,End Batter/Pitcher
674,0,f,0,4,2026-07-12 20:32:59.907782+00,5059222,1,2,Top,0,5460,242735193,,,,,f,S3_LIVE_ARCHIVE,0,Emmet Sheehan pitches to Lourdes Gurriel Jr.,Start Batter/Pitcher
675,0,f,0,4,2026-07-12 20:34:04.90408+00,5059222,1,2,Top,0,5460,242740658,,,,,f,S3_LIVE_ARCHIVE,0,Pitch 1 : Ball 1,Ball
676,0,f,1,4,2026-07-12 20:34:04.90408+00,5059222,1,2,Top,0,5460,242740659,,,,,f,S3_LIVE_ARCHIVE,0,Pitch 2 : Strike 1 Foul,Foul Ball
677,0,f,1,4,2026-07-12 20:34:04.90408+00,5059222,1,2,Top,0,5460,242740660,,,,,f,S3_LIVE_ARCHIVE,1,Pitch 3 : Ball 2,Ball
678,0,f,2,4,2026-07-12 20:34:04.90408+00,5059222,1,2,Top,0,5460,242740661,,,,,f,S3_LIVE_ARCHIVE,1,Pitch 4 : Strike 2 Swinging,Strike Swinging
679,0,f,0,,2026-07-12 20:35:14.533489+00,5059222,1,2,Top,0,5460,242744475,,,,,f,S3_LIVE_ARCHIVE,0,Moreno to second on a balk.,Balk
680,0,f,0,,2026-07-12 20:35:14.533489+00,5059222,1,2,Top,0,5460,242744476,,,,,f,S3_LIVE_ARCHIVE,0,Moreno to second on a balk.,Play Result
681,0,f,2,4,2026-07-12 20:35:14.533489+00,5059222,1,2,Top,1,5460,242744477,,,,,f,S3_LIVE_ARCHIVE,2,Pitch 5 : Strike 3 Swinging,Strike Swinging
682,0,f,2,4,2026-07-12 20:35:14.533489+00,5059222,1,2,Top,1,5460,242744478,,,,,f,S3_LIVE_ARCHIVE,3,Gurriel Jr. struck out swinging.,Play Result
683,0,f,2,4,2026-07-12 20:35:14.533489+00,5059222,1,2,Top,1,5460,242744479,,,,,f,S3_LIVE_ARCHIVE,3,,End Batter/Pitcher
684,0,f,0,183,2026-07-12 20:36:14.291084+00,5059222,1,2,Top,1,5460,242747855,,,,,f,S3_LIVE_ARCHIVE,0,Emmet Sheehan pitches to Ildemaro Vargas,Start Batter/Pitcher
685,0,f,0,183,2026-07-12 20:36:14.291084+00,5059222,1,2,Top,1,5460,242747859,,,,,f,S3_LIVE_ARCHIVE,0,Pitch 1 : Ball 1,Ball
686,0,f,1,183,2026-07-12 20:37:13.606944+00,5059222,1,2,Top,2,5460,242751278,,,,,f,S3_LIVE_ARCHIVE,0,Pitch 2 : Strike 1 Looking,Strike Looking
687,0,f,1,183,2026-07-12 20:37:13.606944+00,5059222,1,2,Top,2,5460,242751279,,,,,f,S3_LIVE_ARCHIVE,1,Pitch 3 : Ball In Play,Ground Out
688,0,f,1,183,2026-07-12 20:37:13.606944+00,5059222,1,2,Top,2,5460,242751280,,,,,f,S3_LIVE_ARCHIVE,1,"Vargas grounded out to second, Moreno to third.",Play Result
689,0,f,1,183,2026-07-12 20:37:13.606944+00,5059222,1,2,Top,2,5460,242751281,,,,,f,S3_LIVE_ARCHIVE,1,,End Batter/Pitcher
690,0,f,0,402,2026-07-12 20:37:13.606944+00,5059222,1,2,Top,2,5460,242751282,,,,,f,S3_LIVE_ARCHIVE,0,Emmet Sheehan pitches to Nolan Arenado,Start Batter/Pitcher
691,0,f,0,402,2026-07-12 20:38:35.368643+00,5059222,1,2,Top,2,5460,242753584,,,,,f,S3_LIVE_ARCHIVE,0,Pitch 1 : Ball 1,Ball
692,0,f,1,402,2026-07-12 20:38:35.368643+00,5059222,1,2,Top,2,5460,242753585,,,,,f,S3_LIVE_ARCHIVE,0,Pitch 2 : Ball 2,Ball
693,0,f,2,402,2026-07-12 20:38:35.368643+00,5059222,1,2,Top,2,5460,242753586,,,,,f,S3_LIVE_ARCHIVE,0,Pitch 3 : Strike 1 Foul,Foul Ball
694,0,f,2,402,2026-07-12 20:39:14.841663+00,5059222,1,2,Top,2,5460,242756646,,,,,f,S3_LIVE_ARCHIVE,1,Pitch 4 : Strike 2 Foul,Foul Ball
695,0,f,2,402,2026-07-12 20:39:14.841663+00,5059222,1,2,Top,2,5460,242756649,,,,,f,S3_LIVE_ARCHIVE,2,Pitch 5 : Ball 3,Ball
696,0,f,3,402,2026-07-12 20:40:12.523575+00,5059222,1,2,Top,3,5460,242759464,,,,,f,S3_LIVE_ARCHIVE,2,Pitch 6 : Ball In Play,Ground Out
697,0,f,3,402,2026-07-12 20:40:12.523575+00,5059222,1,2,Top,3,5460,242759465,,,,,f,S3_LIVE_ARCHIVE,2,Arenado grounded out to third.,Play Result
698,0,f,3,402,2026-07-12 20:40:12.523575+00,5059222,1,2,Top,3,5460,242759466,,,,,f,S3_LIVE_ARCHIVE,2,,End Batter/Pitcher
699,0,f,0,,2026-07-12 20:40:12.523575+00,5059222,1,2,Mid,0,,242759467,,,,,f,S3_LIVE_ARCHIVE,0,Middle of the 2nd inning,End Inning
700,0,f,0,,2026-07-12 20:42:11.145888+00,5059222,1,2,Bottom,0,,242767025,,,,,f,S3_LIVE_ARCHIVE,0,Bottom of the 2nd inning,Start Inning
701,0,f,0,160,2026-07-12 20:42:11.145888+00,5059222,1,2,Bottom,0,4667266,242767026,,,,,f,S3_LIVE_ARCHIVE,0,Mitch Bratt pitches to Tommy Edman,Start Batter/Pitcher
702,0,f,0,160,2026-07-12 20:42:11.145888+00,5059222,1,2,Bottom,0,4667266,242767027,,,,,f,S3_LIVE_ARCHIVE,0,Pitch 1 : Strike 1 Foul,Foul Ball
703,0,f,0,160,2026-07-12 20:42:11.145888+00,5059222,1,2,Bottom,0,4667266,242767028,,,,,f,S3_LIVE_ARCHIVE,1,Pitch 2 : Ball 1,Ball
704,0,f,1,160,2026-07-12 20:42:11.145888+00,5059222,1,2,Bottom,0,4667266,242767029,,,,,f,S3_LIVE_ARCHIVE,1,Pitch 3 : Strike 2 Foul,Foul Ball
705,0,f,1,160,2026-07-12 20:43:12.171095+00,5059222,1,2,Bottom,1,4667266,242768301,,,,,f,S3_LIVE_ARCHIVE,2,Pitch 4 : Ball In Play,Ground Out
706,0,f,1,160,2026-07-12 20:43:12.171095+00,5059222,1,2,Bottom,1,4667266,242768302,,,,,f,S3_LIVE_ARCHIVE,2,Edman grounded out to third.,Play Result
707,0,f,1,160,2026-07-12 20:43:12.171095+00,5059222,1,2,Bottom,1,4667266,242768303,,,,,f,S3_LIVE_ARCHIVE,2,,End Batter/Pitcher
708,0,f,0,678,2026-07-12 20:43:12.171095+00,5059222,1,2,Bottom,1,4667266,242768304,,,,,f,S3_LIVE_ARCHIVE,0,Mitch Bratt pitches to Kyle Tucker,Start Batter/Pitcher
709,0,f,0,678,2026-07-12 20:44:13.527062+00,5059222,1,2,Bottom,2,4667266,242770034,,,,,f,S3_LIVE_ARCHIVE,0,Pitch 1 : Ball 1,Ball
710,0,f,1,678,2026-07-12 20:44:13.527062+00,5059222,1,2,Bottom,2,4667266,242770035,,,,,f,S3_LIVE_ARCHIVE,0,Pitch 2 : Strike 1 Looking,Strike Looking
711,0,f,1,678,2026-07-12 20:44:13.527062+00,5059222,1,2,Bottom,2,4667266,242770036,,,,,f,S3_LIVE_ARCHIVE,1,Pitch 3 : Ball In Play,Ground Out
712,0,f,1,678,2026-07-12 20:44:13.527062+00,5059222,1,2,Bottom,2,4667266,242770037,,,,,f,S3_LIVE_ARCHIVE,1,Tucker grounded out to second.,Play Result
713,0,f,1,678,2026-07-12 20:44:13.527062+00,5059222,1,2,Bottom,2,4667266,242770038,,,,,f,S3_LIVE_ARCHIVE,1,,End Batter/Pitcher
714,0,f,0,1098,2026-07-12 20:44:13.527062+00,5059222,1,2,Bottom,2,4667266,242770039,,,,,f,S3_LIVE_ARCHIVE,0,Mitch Bratt pitches to Teoscar Hernandez,Start Batter/Pitcher
715,0,f,0,1098,2026-07-12 20:45:11.178731+00,5059222,1,2,Bottom,2,4667266,242771925,,,,,f,S3_LIVE_ARCHIVE,0,Pitch 1 : Ball 1,Ball
716,0,f,1,1098,2026-07-12 20:45:11.178731+00,5059222,1,2,Bottom,2,4667266,242771926,,,,,f,S3_LIVE_ARCHIVE,0,Pitch 2 : Ball 2,Ball
717,0,f,2,1098,2026-07-12 20:45:11.178731+00,5059222,1,2,Bottom,2,4667266,242771927,,,,,f,S3_LIVE_ARCHIVE,0,Pitch 3 : Strike 1 Foul,Foul Ball
718,0,f,2,1098,2026-07-12 20:46:12.30425+00,5059222,1,2,Bottom,2,4667266,242774304,,,,,f,S3_LIVE_ARCHIVE,1,Pitch 4 : Ball 3,Ball
719,0,f,3,1098,2026-07-12 20:46:12.30425+00,5059222,1,2,Bottom,2,4667266,242774305,,,,,f,S3_LIVE_ARCHIVE,1,Pitch 5 : Ball 4,Ball
720,0,f,4,1098,2026-07-12 20:46:12.30425+00,5059222,1,2,Bottom,2,4667266,242774306,,,,,f,S3_LIVE_ARCHIVE,1,T. Hernández walked.,Play Result
721,0,f,4,1098,2026-07-12 20:46:12.30425+00,5059222,1,2,Bottom,2,4667266,242774307,,,,,f,S3_LIVE_ARCHIVE,1,,End Batter/Pitcher
722,0,f,0,142,2026-07-12 20:46:12.30425+00,5059222,1,2,Bottom,2,4667266,242774308,,,,,f,S3_LIVE_ARCHIVE,0,Mitch Bratt pitches to Max Muncy,Start Batter/Pitcher
723,0,f,0,142,2026-07-12 20:47:10.105502+00,5059222,1,2,Bottom,2,4667266,242776098,,,,,f,S3_LIVE_ARCHIVE,0,Pitch 1 : Ball 1,Ball
724,0,f,1,142,2026-07-12 20:47:10.105502+00,5059222,1,2,Bottom,2,4667266,242776099,,,,,f,S3_LIVE_ARCHIVE,0,Pitch 2 : Ball 2,Ball
725,0,f,2,142,2026-07-12 20:47:10.105502+00,5059222,1,2,Bottom,2,4667266,242776100,,,,,f,S3_LIVE_ARCHIVE,0,Pitch 3 : Strike 1 Looking,Strike Looking
726,0,f,2,142,2026-07-12 20:47:10.105502+00,5059222,1,2,Bottom,2,4667266,242776101,,,,,f,S3_LIVE_ARCHIVE,1,Pitch 4 : Ball 3,Ball
727,0,f,3,142,2026-07-12 20:48:10.127807+00,5059222,1,2,Bottom,2,4667266,242777852,,,,,f,S3_LIVE_ARCHIVE,1,Pitch 5 : Ball 4,Ball
728,0,f,4,142,2026-07-12 20:48:10.127807+00,5059222,1,2,Bottom,2,4667266,242777853,,,,,f,S3_LIVE_ARCHIVE,1,"Muncy walked, T. Hernández to second.",Play Result
729,0,f,4,142,2026-07-12 20:48:10.127807+00,5059222,1,2,Bottom,2,4667266,242777854,,,,,f,S3_LIVE_ARCHIVE,1,,End Batter/Pitcher
730,0,f,0,4838808,2026-07-12 20:48:10.127807+00,5059222,1,2,Bottom,2,4667266,242777855,,,,,f,S3_LIVE_ARCHIVE,0,Mitch Bratt pitches to Eliezer Alfonzo,Start Batter/Pitcher
731,0,f,0,4838808,2026-07-12 20:49:10.083271+00,5059222,1,2,Bottom,2,4667266,242778819,,,,,f,S3_LIVE_ARCHIVE,0,Pitch 1 : Ball 1,Ball
732,0,f,1,4838808,2026-07-12 20:49:10.083271+00,5059222,1,2,Bottom,2,4667266,242778820,,,,,f,S3_LIVE_ARCHIVE,0,Pitch 2 : Strike 1 Foul,Foul Ball
733,0,f,1,4838808,2026-07-12 20:50:09.983106+00,5059222,1,2,Bottom,2,4667266,242780190,,,,,f,S3_LIVE_ARCHIVE,1,Pitch 3 : Strike 2 Foul,Foul Ball
734,0,f,1,4838808,2026-07-12 20:50:09.983106+00,5059222,1,2,Bottom,2,4667266,242780191,,,,,f,S3_LIVE_ARCHIVE,2,Pitch 4 : Strike 2 Foul,Foul Ball
735,0,f,1,4838808,2026-07-12 20:51:10.731929+00,5059222,1,2,Bottom,2,4667266,242781582,,,,,f,S3_LIVE_ARCHIVE,2,Pitch 5 : Strike 2 Foul,Foul Ball
736,0,f,1,4838808,2026-07-12 20:52:10.150453+00,5059222,1,2,Bottom,3,4667266,242782986,,,,,f,S3_LIVE_ARCHIVE,2,Pitch 6 : Ball In Play,Ground Out
737,0,f,1,4838808,2026-07-12 20:52:10.150453+00,5059222,1,2,Bottom,3,4667266,242782987,,,,,f,S3_LIVE_ARCHIVE,2,Alfonzo grounded out to shortstop.,Play Result
738,0,f,1,4838808,2026-07-12 20:52:10.150453+00,5059222,1,2,Bottom,3,4667266,242782988,,,,,f,S3_LIVE_ARCHIVE,2,,End Batter/Pitcher
739,0,f,0,,2026-07-12 20:52:10.150453+00,5059222,1,2,End,0,,242782989,,,,,f,S3_LIVE_ARCHIVE,0,End of the 2nd inning,End Inning
740,0,f,0,,2026-07-12 20:53:10.586046+00,5059222,1,3,Top,0,,242784414,,,,,f,S3_LIVE_ARCHIVE,0,Top of the 3rd inning,Start Inning
741,0,f,0,407585,2026-07-12 20:53:10.586046+00,5059222,1,3,Top,0,5460,242784415,,,,,f,S3_LIVE_ARCHIVE,0,Emmet Sheehan pitches to Tim Tawa,Start Batter/Pitcher
742,0,f,0,407585,2026-07-12 20:54:09.825227+00,5059222,1,3,Top,0,5460,242785857,,,,,f,S3_LIVE_ARCHIVE,0,Pitch 1 : Strike 1 Looking,Strike Looking
743,0,f,0,407585,2026-07-12 20:54:09.825227+00,5059222,1,3,Top,0,5460,242785858,,,,,f,S3_LIVE_ARCHIVE,1,Pitch 2 : Strike 2 Swinging,Strike Swinging
744,0,f,0,407585,2026-07-12 20:55:10.51033+00,5059222,1,3,Top,1,5460,242787314,,,,,f,S3_LIVE_ARCHIVE,2,Pitch 3 : Ball 1,Ball
745,0,f,1,407585,2026-07-12 20:55:10.51033+00,5059222,1,3,Top,1,5460,242787315,,,,,f,S3_LIVE_ARCHIVE,2,Pitch 4 : Strike 2 Foul,Foul Ball
746,0,f,1,407585,2026-07-12 20:55:10.51033+00,5059222,1,3,Top,1,5460,242787316,,,,,f,S3_LIVE_ARCHIVE,2,Pitch 5 : Ball 2,Ball
747,0,f,2,407585,2026-07-12 20:55:10.51033+00,5059222,1,3,Top,1,5460,242787317,,,,,f,S3_LIVE_ARCHIVE,2,Pitch 6 : Strike 3 Swinging,Strike Swinging
748,0,f,2,407585,2026-07-12 20:55:10.51033+00,5059222,1,3,Top,1,5460,242787318,,,,,f,S3_LIVE_ARCHIVE,3,Tawa struck out swinging.,Play Result
749,0,f,2,407585,2026-07-12 20:55:10.51033+00,5059222,1,3,Top,1,5460,242787319,,,,,f,S3_LIVE_ARCHIVE,3,,End Batter/Pitcher
750,0,f,0,4838899,2026-07-12 20:55:10.51033+00,5059222,1,3,Top,1,5460,242787320,,,,,f,S3_LIVE_ARCHIVE,0,Emmet Sheehan pitches to Ryan Waldschmidt,Start Batter/Pitcher
751,0,f,0,4838899,2026-07-12 20:56:10.16772+00,5059222,1,3,Top,1,5460,242788796,,,,,f,S3_LIVE_ARCHIVE,0,Pitch 1 : Strike 1 Looking,Strike Looking
752,0,f,0,4838899,2026-07-12 20:56:10.16772+00,5059222,1,3,Top,1,5460,242788797,,,,,f,S3_LIVE_ARCHIVE,1,Pitch 2 : Strike 2 Swinging,Strike Swinging
753,0,f,0,4838899,2026-07-12 20:57:10.628633+00,5059222,1,3,Top,2,5460,242790291,,,,,f,S3_LIVE_ARCHIVE,2,Pitch 3 : Ball 1,Ball
754,0,f,1,4838899,2026-07-12 20:57:10.628633+00,5059222,1,3,Top,2,5460,242790292,,,,,f,S3_LIVE_ARCHIVE,2,Pitch 4 : Strike 3 Swinging,Strike Swinging
755,0,f,1,4838899,2026-07-12 20:57:10.628633+00,5059222,1,3,Top,2,5460,242790293,,,,,f,S3_LIVE_ARCHIVE,3,Waldschmidt struck out swinging.,Play Result
756,0,f,1,4838899,2026-07-12 20:57:10.628633+00,5059222,1,3,Top,2,5460,242790294,,,,,f,S3_LIVE_ARCHIVE,3,,End Batter/Pitcher
757,0,f,0,22,2026-07-12 20:57:10.628633+00,5059222,1,3,Top,2,5460,242790295,,,,,f,S3_LIVE_ARCHIVE,0,Emmet Sheehan pitches to Ketel Marte,Start Batter/Pitcher
758,0,f,0,22,2026-07-12 20:58:10.709263+00,5059222,1,3,Top,2,5460,242791805,,,,,f,S3_LIVE_ARCHIVE,0,Pitch 1 : Ball 1,Ball
759,0,f,1,22,2026-07-12 20:58:10.709263+00,5059222,1,3,Top,2,5460,242791806,,,,,f,S3_LIVE_ARCHIVE,0,Pitch 2 : Strike 1 Foul,Foul Ball
760,0,f,1,22,2026-07-12 20:59:10.009309+00,5059222,1,3,Top,3,5460,242793328,,,,,f,S3_LIVE_ARCHIVE,1,Pitch 3 : Ball In Play,Line Out
761,0,f,1,22,2026-07-12 20:59:10.009309+00,5059222,1,3,Top,3,5460,242793329,,,,,f,S3_LIVE_ARCHIVE,1,Marte lined out to right.,Play Result
762,0,f,1,22,2026-07-12 20:59:10.009309+00,5059222,1,3,Top,3,5460,242793330,,,,,f,S3_LIVE_ARCHIVE,1,,End Batter/Pitcher
763,0,f,0,,2026-07-12 20:59:10.009309+00,5059222,1,3,Mid,0,,242793331,,,,,f,S3_LIVE_ARCHIVE,0,Middle of the 3rd inning,End Inning
764,0,f,0,,2026-07-12 21:00:10.163526+00,5059222,1,3,Bottom,0,,242794871,,,,,f,S3_LIVE_ARCHIVE,0,Bottom of the 3rd inning,Start Inning
765,0,f,0,208,2026-07-12 21:00:10.163526+00,5059222,1,3,Bottom,0,4667266,242794872,,,,,f,S3_LIVE_ARCHIVE,0,Mitch Bratt pitches to Shohei Ohtani,Start Batter/Pitcher
766,0,f,0,208,2026-07-12 21:01:10.961682+00,5059222,1,3,Bottom,0,4667266,242798181,,,,,f,S3_LIVE_ARCHIVE,0,Pitch 1 : Ball 1,Ball
767,0,f,1,208,2026-07-12 21:01:10.961682+00,5059222,1,3,Bottom,0,4667266,242798182,,,,,f,S3_LIVE_ARCHIVE,0,Pitch 2 : Ball 2,Ball
768,0,f,2,208,2026-07-12 21:02:10.864812+00,5059222,1,3,Bottom,0,4667266,242799762,,,,,f,S3_LIVE_ARCHIVE,0,Pitch 3 : Strike 1 Foul,Foul Ball
769,0,f,2,208,2026-07-12 21:03:10.747389+00,5059222,1,3,Bottom,0,4667266,242801359,,,,,f,S3_LIVE_ARCHIVE,1,Pitch 4 : Ball In Play,Double
770,0,f,2,208,2026-07-12 21:03:10.747389+00,5059222,1,3,Bottom,0,4667266,242801360,,,,,f,S3_LIVE_ARCHIVE,1,Ohtani doubled to right.,Play Result
771,0,f,2,208,2026-07-12 21:03:10.747389+00,5059222,1,3,Bottom,0,4667266,242801361,,,,,f,S3_LIVE_ARCHIVE,1,,End Batter/Pitcher
772,0,f,0,176,2026-07-12 21:03:10.747389+00,5059222,1,3,Bottom,0,4667266,242801362,,,,,f,S3_LIVE_ARCHIVE,0,Mitch Bratt pitches to Andy Pages,Start Batter/Pitcher
773,0,f,0,176,2026-07-12 21:03:10.747389+00,5059222,1,3,Bottom,0,4667266,242801363,,,,,f,S3_LIVE_ARCHIVE,0,Pitch 1 : Ball 1,Ball
774,0,f,1,176,2026-07-12 21:03:10.747389+00,5059222,1,3,Bottom,0,4667266,242801364,,,,,f,S3_LIVE_ARCHIVE,0,Pitch 2 : Ball 2,Ball
775,0,f,2,176,2026-07-12 21:04:10.304929+00,5059222,1,3,Bottom,0,4667266,242802988,,,,,f,S3_LIVE_ARCHIVE,0,Pitch 3 : Ball 3,Ball
776,0,f,3,176,2026-07-12 21:04:10.304929+00,5059222,1,3,Bottom,0,4667266,242802989,,,,,f,S3_LIVE_ARCHIVE,0,Pitch 4 : Ball 4,Ball
777,0,f,4,176,2026-07-12 21:04:10.304929+00,5059222,1,3,Bottom,0,4667266,242802990,,,,,f,S3_LIVE_ARCHIVE,0,Pages walked.,Play Result
778,0,f,4,176,2026-07-12 21:04:10.304929+00,5059222,1,3,Bottom,0,4667266,242802991,,,,,f,S3_LIVE_ARCHIVE,0,,End Batter/Pitcher
779,0,f,0,130,2026-07-12 21:04:10.304929+00,5059222,1,3,Bottom,0,4667266,242802992,,,,,f,S3_LIVE_ARCHIVE,0,Mitch Bratt pitches to Freddie Freeman,Start Batter/Pitcher
780,0,f,0,130,2026-07-12 21:05:11.538724+00,5059222,1,3,Bottom,0,4667266,242804636,,,,,f,S3_LIVE_ARCHIVE,0,Pitch 1 : Ball 1,Ball
781,0,f,1,130,2026-07-12 21:05:11.538724+00,5059222,1,3,Bottom,0,4667266,242804637,,,,,f,S3_LIVE_ARCHIVE,0,Pitch 2 : Strike 1 Looking,Strike Looking
782,0,f,1,130,2026-07-12 21:05:11.538724+00,5059222,1,3,Bottom,0,4667266,242804638,,,,,f,S3_LIVE_ARCHIVE,1,Pitch 3 : Ball 2,Ball
783,0,f,2,130,2026-07-12 21:06:10.863673+00,5059222,1,3,Bottom,1,4667266,242806289,,,,,f,S3_LIVE_ARCHIVE,1,Pitch 4 : Ball 3,Ball
784,0,f,3,130,2026-07-12 21:06:10.863673+00,5059222,1,3,Bottom,1,4667266,242806290,,,,,f,S3_LIVE_ARCHIVE,1,Pitch 5 : Ball In Play,Fly Out
785,0,f,3,130,2026-07-12 21:06:10.863673+00,5059222,1,3,Bottom,1,4667266,242806291,,,,,f,S3_LIVE_ARCHIVE,1,"Freeman flied out to center, Pages to second, Ohtani to third.",Play Result
786,0,f,3,130,2026-07-12 21:06:10.863673+00,5059222,1,3,Bottom,1,4667266,242806292,,,,,f,S3_LIVE_ARCHIVE,1,,End Batter/Pitcher
787,0,f,0,118,2026-07-12 21:06:10.863673+00,5059222,1,3,Bottom,1,4667266,242806293,,,,,f,S3_LIVE_ARCHIVE,0,Mitch Bratt pitches to Mookie Betts,Start Batter/Pitcher
788,0,f,0,118,2026-07-12 21:08:10.969437+00,5059222,1,3,Bottom,1,4667266,242809641,,,,,f,S3_LIVE_ARCHIVE,0,Pitch 1 : Ball 1,Ball
789,0,f,1,118,2026-07-12 21:08:10.969437+00,5059222,1,3,Bottom,1,4667266,242809642,,,,,f,S3_LIVE_ARCHIVE,0,Pitch 2 : Ball 2,Ball
790,0,f,2,118,2026-07-12 21:09:10.962707+00,5059222,1,3,Bottom,2,4667266,242811341,,,,,f,S3_LIVE_ARCHIVE,0,Pitch 3 : Ball In Play,Pop Out
791,0,f,2,118,2026-07-12 21:09:10.962707+00,5059222,1,3,Bottom,2,4667266,242811342,,,,,f,S3_LIVE_ARCHIVE,0,Betts popped out to first.,Play Result
792,0,f,2,118,2026-07-12 21:09:10.962707+00,5059222,1,3,Bottom,2,4667266,242811343,,,,,f,S3_LIVE_ARCHIVE,0,,End Batter/Pitcher
793,0,f,0,160,2026-07-12 21:09:10.962707+00,5059222,1,3,Bottom,2,4667266,242811344,,,,,f,S3_LIVE_ARCHIVE,0,Mitch Bratt pitches to Tommy Edman,Start Batter/Pitcher
794,0,f,0,160,2026-07-12 21:09:10.962707+00,5059222,1,3,Bottom,2,4667266,242811345,,,,,f,S3_LIVE_ARCHIVE,0,Pitch 1 : Ball 1,Ball
795,0,f,1,160,2026-07-12 21:10:11.191462+00,5059222,1,3,Bottom,2,4667266,242813070,,,,,f,S3_LIVE_ARCHIVE,0,Pitch 2 : Strike 1 Swinging,Strike Swinging
796,0,f,1,160,2026-07-12 21:10:11.191462+00,5059222,3,3,Bottom,2,4667266,242813071,,,,,f,S3_LIVE_ARCHIVE,1,Pitch 3 : Ball In Play,Single
797,0,f,1,160,2026-07-12 21:10:11.191462+00,5059222,3,3,Bottom,2,4667266,242813072,,,,2,t,S3_LIVE_ARCHIVE,1,"Edman singled to left, Ohtani scored and Pages scored, Edman to second.",Play Result
798,0,f,1,160,2026-07-12 21:10:11.191462+00,5059222,3,3,Bottom,2,4667266,242813073,,,,,f,S3_LIVE_ARCHIVE,1,,End Batter/Pitcher
799,0,f,0,678,2026-07-12 21:10:11.191462+00,5059222,3,3,Bottom,2,4667266,242813074,,,,,f,S3_LIVE_ARCHIVE,0,Mitch Bratt pitches to Kyle Tucker,Start Batter/Pitcher
800,0,f,0,678,2026-07-12 21:12:10.712813+00,5059222,3,3,Bottom,3,4667266,242816569,,,,,f,S3_LIVE_ARCHIVE,0,Pitch 1 : Ball 1,Ball
801,0,f,1,678,2026-07-12 21:12:10.712813+00,5059222,3,3,Bottom,3,4667266,242816570,,,,,f,S3_LIVE_ARCHIVE,0,Pitch 2 : Strike 1 Foul,Foul Ball
802,0,f,1,678,2026-07-12 21:12:10.712813+00,5059222,3,3,Bottom,3,4667266,242816571,,,,,f,S3_LIVE_ARCHIVE,1,Pitch 3 : Ball In Play,Ground Out
803,0,f,1,678,2026-07-12 21:12:10.712813+00,5059222,3,3,Bottom,3,4667266,242816572,,,,,f,S3_LIVE_ARCHIVE,1,Tucker grounded out to first.,Play Result
804,0,f,1,678,2026-07-12 21:12:10.712813+00,5059222,3,3,Bottom,3,4667266,242816573,,,,,f,S3_LIVE_ARCHIVE,1,,End Batter/Pitcher
805,0,f,0,,2026-07-12 21:12:10.712813+00,5059222,3,3,End,0,,242816574,,,,,f,S3_LIVE_ARCHIVE,0,End of the 3rd inning,End Inning
806,0,f,0,,2026-07-12 21:15:10.86788+00,5059222,3,4,Top,0,,242821938,,,,,f,S3_LIVE_ARCHIVE,0,Top of the 4th inning,Start Inning
807,0,f,0,5,2026-07-12 21:15:10.86788+00,5059222,3,4,Top,0,5460,242821939,,,,,f,S3_LIVE_ARCHIVE,0,Emmet Sheehan pitches to Geraldo Perdomo,Start Batter/Pitcher
808,0,f,0,5,2026-07-12 21:15:10.86788+00,5059222,3,4,Top,0,5460,242822040,,,,,f,S3_LIVE_ARCHIVE,0,Pitch 1 : Ball 1,Ball
809,0,f,1,5,2026-07-12 21:16:10.787964+00,5059222,3,4,Top,0,5460,242823765,,,,,f,S3_LIVE_ARCHIVE,0,Pitch 2 : Ball 2,Ball
810,0,f,2,5,2026-07-12 21:16:10.787964+00,5059222,3,4,Top,0,5460,242823766,,,,,f,S3_LIVE_ARCHIVE,0,Pitch 3 : Strike 1 Foul,Foul Ball
811,0,f,2,5,2026-07-12 21:16:10.787964+00,5059222,3,4,Top,0,5460,242823767,,,,,f,S3_LIVE_ARCHIVE,1,Pitch 4 : Strike 2 Foul,Foul Ball
812,0,f,2,5,2026-07-12 21:17:10.946204+00,5059222,3,4,Top,1,5460,242825617,,,,,f,S3_LIVE_ARCHIVE,2,Pitch 5 : Ball In Play,Fly Out
813,0,f,2,5,2026-07-12 21:17:10.946204+00,5059222,3,4,Top,1,5460,242825618,,,,,f,S3_LIVE_ARCHIVE,2,Perdomo flied out to right.,Play Result
814,0,f,2,5,2026-07-12 21:17:10.946204+00,5059222,3,4,Top,1,5460,242825619,,,,,f,S3_LIVE_ARCHIVE,2,,End Batter/Pitcher
815,0,f,0,23,2026-07-12 21:17:10.946204+00,5059222,3,4,Top,1,5460,242825620,,,,,f,S3_LIVE_ARCHIVE,0,Emmet Sheehan pitches to Corbin Carroll,Start Batter/Pitcher
816,0,f,0,23,2026-07-12 21:17:10.946204+00,5059222,3,4,Top,1,5460,242825621,,,,,f,S3_LIVE_ARCHIVE,0,Pitch 1 : Strike 1 Looking,Strike Looking
817,0,f,0,23,2026-07-12 21:18:10.763031+00,5059222,3,4,Top,2,5460,242827489,,,,,f,S3_LIVE_ARCHIVE,1,Pitch 2 : Strike 2 Foul,Foul Ball
818,0,f,0,23,2026-07-12 21:18:10.763031+00,5059222,3,4,Top,2,5460,242827490,,,,,f,S3_LIVE_ARCHIVE,2,Pitch 3 : Ball 1,Ball
819,0,f,1,23,2026-07-12 21:18:10.763031+00,5059222,3,4,Top,2,5460,242827491,,,,,f,S3_LIVE_ARCHIVE,2,Pitch 4 : Strike 3 Looking,Strike Looking
820,0,f,1,23,2026-07-12 21:18:10.763031+00,5059222,3,4,Top,2,5460,242827492,,,,,f,S3_LIVE_ARCHIVE,3,Carroll struck out looking.,Play Result
821,0,f,1,23,2026-07-12 21:18:10.763031+00,5059222,3,4,Top,2,5460,242827493,,,,,f,S3_LIVE_ARCHIVE,3,,End Batter/Pitcher
822,0,f,0,3,2026-07-12 21:18:10.763031+00,5059222,3,4,Top,2,5460,242827494,,,,,f,S3_LIVE_ARCHIVE,0,Emmet Sheehan pitches to Gabriel Moreno,Start Batter/Pitcher
823,0,f,0,3,2026-07-12 21:19:10.372617+00,5059222,3,4,Top,2,5460,242829378,,,,,f,S3_LIVE_ARCHIVE,0,Pitch 1 : Ball 1,Ball
824,0,f,1,3,2026-07-12 21:19:10.372617+00,5059222,3,4,Top,2,5460,242829379,,,,,f,S3_LIVE_ARCHIVE,0,Pitch 2 : Strike 1 Looking,Strike Looking
825,0,f,1,3,2026-07-12 21:19:10.372617+00,5059222,3,4,Top,2,5460,242829380,,,,,f,S3_LIVE_ARCHIVE,1,Pitch 3 : Strike 2 Foul,Foul Ball
826,0,f,1,3,2026-07-12 21:20:12.404024+00,5059222,3,4,Top,2,5460,242830798,,,,,f,S3_LIVE_ARCHIVE,2,Pitch 4 : Strike 2 Foul,Foul Ball
827,0,f,1,3,2026-07-12 21:20:12.404024+00,5059222,3,4,Top,2,5460,242830799,,,,,f,S3_LIVE_ARCHIVE,2,Pitch 5 : Strike 2 Foul,Foul Ball
828,0,f,1,3,2026-07-12 21:21:10.929193+00,5059222,3,4,Top,3,5460,242831981,,,,,f,S3_LIVE_ARCHIVE,2,Pitch 6 : Ball 2,Ball
829,0,f,2,3,2026-07-12 21:21:10.929193+00,5059222,3,4,Top,3,5460,242831982,,,,,f,S3_LIVE_ARCHIVE,2,Pitch 7 : Ball In Play,Line Out
830,0,f,2,3,2026-07-12 21:21:10.929193+00,5059222,3,4,Top,3,5460,242831983,,,,,f,S3_LIVE_ARCHIVE,2,Moreno lined out to center.,Play Result
831,0,f,2,3,2026-07-12 21:21:10.929193+00,5059222,3,4,Top,3,5460,242831984,,,,,f,S3_LIVE_ARCHIVE,2,,End Batter/Pitcher
832,0,f,0,,2026-07-12 21:21:10.929193+00,5059222,3,4,Mid,0,,242831985,,,,,f,S3_LIVE_ARCHIVE,0,Middle of the 4th inning,End Inning
833,0,f,0,,2026-07-12 21:22:09.778749+00,5059222,3,4,Bottom,0,,242833373,,,,,f,S3_LIVE_ARCHIVE,0,Bottom of the 4th inning,Start Inning
834,0,f,0,,2026-07-12 21:22:09.778749+00,5059222,3,4,Bottom,0,2090,242833374,,,,,f,S3_LIVE_ARCHIVE,0,Clarke relieved Bratt,Play Result
835,0,f,0,1098,2026-07-12 21:22:09.778749+00,5059222,3,4,Bottom,0,2090,242833375,,,,,f,S3_LIVE_ARCHIVE,0,Taylor Clarke pitches to Teoscar Hernandez,Start Batter/Pitcher
836,0,f,0,1098,2026-07-12 21:24:09.828837+00,5059222,3,4,Bottom,0,2090,242836299,,,,,f,S3_LIVE_ARCHIVE,0,Pitch 1 : Strike 1 Foul,Foul Ball
837,0,f,0,1098,2026-07-12 21:24:09.828837+00,5059222,3,4,Bottom,0,2090,242836300,,,,,f,S3_LIVE_ARCHIVE,1,Pitch 2 : Strike 2 Swinging,Strike Swinging
838,0,t,0,1098,2026-07-12 23:07:35.604308+00,5059222,3,4,Bottom,1,2090,242837358,,,,,f,S3_BACKFILL,2,Pitch 3 : Strike 3 Looking,Strike Looking
839,0,t,0,1098,2026-07-12 23:07:35.604308+00,5059222,3,4,Bottom,1,2090,242837359,,,,,f,S3_BACKFILL,3,T. Hernández struck out looking.,Play Result
840,0,t,0,1098,2026-07-12 23:07:35.604308+00,5059222,3,4,Bottom,1,2090,242837360,,,,,f,S3_BACKFILL,3,,End Batter/Pitcher
841,0,t,0,142,2026-07-12 23:07:35.604308+00,5059222,3,4,Bottom,2,2090,242837361,,,,,f,S3_BACKFILL,0,Taylor Clarke pitches to Max Muncy,Start Batter/Pitcher
842,0,t,0,142,2026-07-12 23:07:35.604308+00,5059222,3,4,Bottom,2,2090,242837362,,,,,f,S3_BACKFILL,0,Pitch 1 : Strike 1 Foul,Foul Ball
843,0,t,0,142,2026-07-12 23:07:35.604308+00,5059222,3,4,Bottom,2,2090,242838631,,,,,f,S3_BACKFILL,1,Pitch 2 : Ball 1,Ball
844,0,t,1,142,2026-07-12 23:07:35.604308+00,5059222,3,4,Bottom,2,2090,242838632,,,,,f,S3_BACKFILL,1,Pitch 3 : Ball 2,Ball
845,0,t,2,142,2026-07-12 23:07:35.604308+00,5059222,3,4,Bottom,2,2090,242838633,,,,,f,S3_BACKFILL,1,Pitch 4 : Strike 2 Foul,Foul Ball
846,0,t,2,142,2026-07-12 23:07:35.604308+00,5059222,3,4,Bottom,2,2090,242838634,,,,,f,S3_BACKFILL,2,Pitch 5 : Strike 2 Foul,Foul Ball
847,0,t,2,142,2026-07-12 23:07:35.604308+00,5059222,3,4,Bottom,2,2090,242839908,,,,,f,S3_BACKFILL,2,Pitch 6 : Strike 2 Foul,Foul Ball
848,0,t,2,142,2026-07-12 23:07:35.604308+00,5059222,3,4,Bottom,2,2090,242839909,,,,,f,S3_BACKFILL,2,Pitch 7 : Strike 2 Foul,Foul Ball
849,0,t,2,142,2026-07-12 23:07:35.604308+00,5059222,3,4,Bottom,2,2090,242841192,,,,,f,S3_BACKFILL,2,Pitch 8 : Strike 3 Swinging,Strike Swinging
850,0,t,2,142,2026-07-12 23:07:35.604308+00,5059222,3,4,Bottom,2,2090,242841193,,,,,f,S3_BACKFILL,3,Muncy struck out swinging.,Play Result
851,0,t,2,142,2026-07-12 23:07:35.604308+00,5059222,3,4,Bottom,2,2090,242841194,,,,,f,S3_BACKFILL,3,,End Batter/Pitcher
852,0,t,0,4838808,2026-07-12 23:07:35.604308+00,5059222,3,4,Bottom,3,2090,242841195,,,,,f,S3_BACKFILL,0,Taylor Clarke pitches to Eliezer Alfonzo,Start Batter/Pitcher
853,0,t,0,4838808,2026-07-12 23:07:35.604308+00,5059222,3,4,Bottom,3,2090,242841196,,,,,f,S3_BACKFILL,0,Pitch 1 : Ball 1,Ball
854,0,t,1,4838808,2026-07-12 23:07:35.604308+00,5059222,3,4,Bottom,3,2090,242841197,,,,,f,S3_BACKFILL,0,Pitch 2 : Strike 1 Looking,Strike Looking
855,0,t,1,4838808,2026-07-12 23:07:35.604308+00,5059222,3,4,Bottom,3,2090,242843185,,,,,f,S3_BACKFILL,1,Pitch 3 : Ball 2,Ball
856,0,t,2,4838808,2026-07-12 23:07:35.604308+00,5059222,3,4,Bottom,3,2090,242843186,,,,,f,S3_BACKFILL,1,Pitch 4 : Ball 3,Ball
857,0,t,3,4838808,2026-07-12 23:07:35.604308+00,5059222,3,4,Bottom,3,2090,242843187,,,,,f,S3_BACKFILL,1,Pitch 5 : Strike 2 Foul,Foul Ball
858,0,t,3,4838808,2026-07-12 23:07:35.604308+00,5059222,3,4,Bottom,3,2090,242844114,,,,,f,S3_BACKFILL,2,Pitch 6 : Ball In Play,Fly Out
859,0,t,3,4838808,2026-07-12 23:07:35.604308+00,5059222,3,4,Bottom,3,2090,242844115,,,,,f,S3_BACKFILL,2,Alfonzo flied out to right.,Play Result
860,0,t,3,4838808,2026-07-12 23:07:35.604308+00,5059222,3,4,Bottom,3,2090,242844116,,,,,f,S3_BACKFILL,2,,End Batter/Pitcher
861,0,t,0,,2026-07-12 23:07:35.604308+00,5059222,3,4,End,0,,242844117,,,,,f,S3_BACKFILL,0,End of the 4th inning,End Inning
862,0,t,0,,2026-07-12 23:07:35.604308+00,5059222,3,5,Top,0,,242860042,,,,,f,S3_BACKFILL,0,Top of the 5th inning,Start Inning
863,0,t,0,4,2026-07-12 23:07:35.604308+00,5059222,3,5,Top,1,5460,242860043,,,,,f,S3_BACKFILL,0,Emmet Sheehan pitches to Lourdes Gurriel Jr.,Start Batter/Pitcher
864,0,t,0,4,2026-07-12 23:07:35.604308+00,5059222,3,5,Top,1,5460,242861502,,,,,f,S3_BACKFILL,0,Pitch 1 : Ball In Play,Foul Out
865,0,t,0,4,2026-07-12 23:07:35.604308+00,5059222,3,5,Top,1,5460,242861503,,,,,f,S3_BACKFILL,0,Gurriel Jr. fouled out to first.,Play Result
866,0,t,0,4,2026-07-12 23:07:35.604308+00,5059222,3,5,Top,1,5460,242861504,,,,,f,S3_BACKFILL,0,,End Batter/Pitcher
867,0,t,0,183,2026-07-12 23:07:35.604308+00,5059222,3,5,Top,1,5460,242861505,,,,,f,S3_BACKFILL,0,Emmet Sheehan pitches to Ildemaro Vargas,Start Batter/Pitcher
868,0,t,0,183,2026-07-12 23:07:35.604308+00,5059222,3,5,Top,1,5460,242861506,,,,,f,S3_BACKFILL,0,Pitch 1 : Strike 1 Looking,Strike Looking
869,0,t,0,183,2026-07-12 23:07:35.604308+00,5059222,3,5,Top,1,5460,242863278,,,,,f,S3_BACKFILL,1,Pitch 2 : Ball 1,Ball
870,0,t,1,183,2026-07-12 23:07:35.604308+00,5059222,3,5,Top,1,5460,242863279,,,,,f,S3_BACKFILL,1,Pitch 3 : Ball 2,Ball
871,0,t,2,183,2026-07-12 23:07:35.604308+00,5059222,3,5,Top,1,5460,242863280,,,,,f,S3_BACKFILL,1,Pitch 4 : Ball 3,Ball
872,0,t,3,183,2026-07-12 23:07:35.604308+00,5059222,3,5,Top,1,5460,242864465,,,,,f,S3_BACKFILL,1,Pitch 5 : Ball In Play,Double
873,0,t,3,183,2026-07-12 23:07:35.604308+00,5059222,3,5,Top,1,5460,242864466,,,,,f,S3_BACKFILL,1,Vargas doubled to center.,Play Result
874,0,t,3,183,2026-07-12 23:07:35.604308+00,5059222,3,5,Top,1,5460,242864467,,,,,f,S3_BACKFILL,1,,End Batter/Pitcher
875,1,t,0,402,2026-07-12 23:07:35.604308+00,5059222,3,5,Top,1,5460,242864468,,,,,f,S3_BACKFILL,0,Emmet Sheehan pitches to Nolan Arenado,Start Batter/Pitcher
876,0,t,0,402,2026-07-12 23:07:35.604308+00,5059222,3,5,Top,1,5460,242866519,,,,,f,S3_BACKFILL,0,Pitch 1 : Ball 1,Ball
877,0,t,1,402,2026-07-12 23:07:35.604308+00,5059222,3,5,Top,1,5460,242866520,,,,,f,S3_BACKFILL,0,Pitch 2 : Strike 1 Looking,Strike Looking
878,1,t,1,402,2026-07-12 23:07:35.604308+00,5059222,3,5,Top,1,5460,242867491,,,,,f,S3_BACKFILL,1,Pitch 3 : Ball In Play,Double
879,1,t,1,402,2026-07-12 23:07:35.604308+00,5059222,3,5,Top,1,5460,242867492,,,,1,t,S3_BACKFILL,1,"Arenado doubled to center, Vargas scored.",Play Result
880,1,t,1,402,2026-07-12 23:07:35.604308+00,5059222,3,5,Top,1,5460,242867493,,,,,f,S3_BACKFILL,1,,End Batter/Pitcher
881,1,t,0,407585,2026-07-12 23:07:35.604308+00,5059222,3,5,Top,1,5460,242867494,,,,,f,S3_BACKFILL,0,Emmet Sheehan pitches to Tim Tawa,Start Batter/Pitcher
882,1,t,0,407585,2026-07-12 23:07:35.604308+00,5059222,3,5,Top,1,5460,242867495,,,,,f,S3_BACKFILL,0,Pitch 1 : Strike 1 Foul,Foul Ball
883,1,t,0,407585,2026-07-12 23:07:35.604308+00,5059222,3,5,Top,1,5460,242868923,,,,,f,S3_BACKFILL,1,Pitch 2 : Strike 2 Looking,Strike Looking
884,1,t,0,407585,2026-07-12 23:07:35.604308+00,5059222,3,5,Top,1,5460,242868924,,,,,f,S3_BACKFILL,2,Pitch 3 : Ball 1,Ball
885,1,t,1,407585,2026-07-12 23:07:35.604308+00,5059222,3,5,Top,1,5460,242872707,,,,,f,S3_BACKFILL,2,Pitch 4 : Ball In Play,Batter Reached On Error - Batter To First
886,1,t,1,407585,2026-07-12 23:07:35.604308+00,5059222,3,5,Top,1,5460,242872708,,,,,f,S3_BACKFILL,2,"Tawa safe at first on fielding error by center fielder Pages, Tawa safe at second on error, Arenado safe at third on error.",Play Result
887,1,t,1,407585,2026-07-12 23:07:35.604308+00,5059222,3,5,Top,1,5460,242872709,,,,,f,S3_BACKFILL,2,,End Batter/Pitcher
888,2,t,0,4838899,2026-07-12 23:07:35.604308+00,5059222,3,5,Top,2,5460,242872710,,,,,f,S3_BACKFILL,0,Emmet Sheehan pitches to Ryan Waldschmidt,Start Batter/Pitcher
889,1,t,0,4838899,2026-07-12 23:07:35.604308+00,5059222,3,5,Top,2,5460,242872711,,,,,f,S3_BACKFILL,0,Pitch 1 : Ball 1,Ball
890,1,t,1,4838899,2026-07-12 23:07:35.604308+00,5059222,3,5,Top,2,5460,242872712,,,,,f,S3_BACKFILL,0,Pitch 2 : Ball 2,Ball
891,1,t,2,4838899,2026-07-12 23:07:35.604308+00,5059222,3,5,Top,2,5460,242873496,,,,,f,S3_BACKFILL,0,Pitch 3 : Ball 3,Ball
892,1,t,3,4838899,2026-07-12 23:07:35.604308+00,5059222,3,5,Top,2,5460,242873497,,,,,f,S3_BACKFILL,0,Pitch 4 : Strike 1 Looking,Strike Looking
893,1,t,3,4838899,2026-07-12 23:07:35.604308+00,5059222,3,5,Top,2,5460,242873498,,,,,f,S3_BACKFILL,1,Pitch 5 : Strike 2 Swinging,Strike Swinging
894,2,t,3,4838899,2026-07-12 23:07:35.604308+00,5059222,3,5,Top,2,5460,242874611,,,,,f,S3_BACKFILL,2,Pitch 6 : Ball In Play,Sacrifice Fly
895,2,t,3,4838899,2026-07-12 23:07:35.604308+00,5059222,3,5,Top,2,5460,242874612,,,,1,t,S3_BACKFILL,2,"Waldschmidt hit sacrifice fly to right, Arenado scored, Tawa to third.",Play Result
896,2,t,3,4838899,2026-07-12 23:07:35.604308+00,5059222,3,5,Top,2,5460,242874613,,,,,f,S3_BACKFILL,2,,End Batter/Pitcher
897,2,t,0,22,2026-07-12 23:07:35.604308+00,5059222,3,5,Top,3,5460,242874614,,,,,f,S3_BACKFILL,0,Emmet Sheehan pitches to Ketel Marte,Start Batter/Pitcher
898,2,t,0,22,2026-07-12 23:07:35.604308+00,5059222,3,5,Top,3,5460,242875442,,,,,f,S3_BACKFILL,0,Pitch 1 : Ball In Play,Fly Out
899,2,t,0,22,2026-07-12 23:07:35.604308+00,5059222,3,5,Top,3,5460,242875443,,,,,f,S3_BACKFILL,0,Marte flied out to center.,Play Result
900,2,t,0,22,2026-07-12 23:07:35.604308+00,5059222,3,5,Top,3,5460,242875444,,,,,f,S3_BACKFILL,0,,End Batter/Pitcher
901,2,t,0,,2026-07-12 23:07:35.604308+00,5059222,3,5,Mid,0,,242875445,,,,,f,S3_BACKFILL,0,Middle of the 5th inning,End Inning
902,2,t,0,,2026-07-12 23:07:35.604308+00,5059222,3,5,Bottom,0,,242877429,,,,,f,S3_BACKFILL,0,Bottom of the 5th inning,Start Inning
903,2,t,0,208,2026-07-12 23:07:35.604308+00,5059222,3,5,Bottom,1,2090,242877430,,,,,f,S3_BACKFILL,0,Taylor Clarke pitches to Shohei Ohtani,Start Batter/Pitcher
904,2,t,0,208,2026-07-12 23:07:35.604308+00,5059222,3,5,Bottom,1,2090,242877431,,,,,f,S3_BACKFILL,0,Pitch 1 : Ball 1,Ball
905,2,t,1,208,2026-07-12 23:07:35.604308+00,5059222,3,5,Bottom,1,2090,242877432,,,,,f,S3_BACKFILL,0,Pitch 2 : Strike 1 Swinging,Strike Swinging
906,2,t,1,208,2026-07-12 23:07:35.604308+00,5059222,3,5,Bottom,1,2090,242878336,,,,,f,S3_BACKFILL,1,Pitch 3 : Ball In Play,Ground Out
907,2,t,1,208,2026-07-12 23:07:35.604308+00,5059222,3,5,Bottom,1,2090,242878337,,,,,f,S3_BACKFILL,1,Ohtani grounded out to catcher.,Play Result
908,2,t,1,208,2026-07-12 23:07:35.604308+00,5059222,3,5,Bottom,1,2090,242878438,,,,,f,S3_BACKFILL,1,,End Batter/Pitcher
909,2,t,0,,2026-07-12 23:07:35.604308+00,5059222,3,5,Bottom,0,1,242878439,,,,,f,S3_BACKFILL,0,Thompson relieved Clarke,Play Result
910,2,t,0,176,2026-07-12 23:07:35.604308+00,5059222,3,5,Bottom,2,1,242878440,,,,,f,S3_BACKFILL,0,Ryan Thompson pitches to Andy Pages,Start Batter/Pitcher
1174,2,f,1,176,2026-07-12 21:48:08.841323+00,5059222,3,5,Bottom,1,1,242880578,,,,,f,S3_LIVE_ARCHIVE,0,Pitch 1 : Ball 1,Ball - Confirmed
911,2,t,0,176,2026-07-12 23:07:35.604308+00,5059222,3,5,Bottom,2,1,242881738,,,,,f,S3_BACKFILL,1,Pitch 1 : Strike 1 Looking,Strike Looking - Overturned
912,2,t,0,176,2026-07-12 23:07:35.604308+00,5059222,3,5,Bottom,2,1,242881739,,,,,f,S3_BACKFILL,1,Pitch 2 : Strike 2 Swinging,Strike Swinging
913,2,t,0,176,2026-07-12 23:07:35.604308+00,5059222,3,5,Bottom,2,1,242881740,,,,,f,S3_BACKFILL,2,Pitch 3 : Strike 2 Foul,Foul Ball
914,2,t,0,176,2026-07-12 23:07:35.604308+00,5059222,3,5,Bottom,2,1,242882791,,,,,f,S3_BACKFILL,2,Pitch 4 : Strike 2 Foul,Foul Ball
915,2,t,0,176,2026-07-12 23:07:35.604308+00,5059222,3,5,Bottom,2,1,242882792,,,,,f,S3_BACKFILL,2,Pitch 5 : Strike 3 Swinging,Strike Swinging
916,2,t,0,176,2026-07-12 23:07:35.604308+00,5059222,3,5,Bottom,2,1,242882793,,,,,f,S3_BACKFILL,3,Pages struck out swinging.,Play Result
917,2,t,0,176,2026-07-12 23:07:35.604308+00,5059222,3,5,Bottom,2,1,242882794,,,,,f,S3_BACKFILL,3,,End Batter/Pitcher
918,2,t,0,130,2026-07-12 23:07:35.604308+00,5059222,3,5,Bottom,3,1,242882795,,,,,f,S3_BACKFILL,0,Ryan Thompson pitches to Freddie Freeman,Start Batter/Pitcher
919,2,t,0,130,2026-07-12 23:07:35.604308+00,5059222,3,5,Bottom,3,1,242882796,,,,,f,S3_BACKFILL,0,Pitch 1 : Strike 1 Swinging,Strike Swinging
920,2,t,0,130,2026-07-12 23:07:35.604308+00,5059222,3,5,Bottom,3,1,242883709,,,,,f,S3_BACKFILL,1,Pitch 2 : Strike 2 Swinging,Strike Swinging
921,2,t,0,130,2026-07-12 23:07:35.604308+00,5059222,3,5,Bottom,3,1,242883710,,,,,f,S3_BACKFILL,2,Pitch 3 : Ball 1,Ball
922,2,t,1,130,2026-07-12 23:07:35.604308+00,5059222,3,5,Bottom,3,1,242884858,,,,,f,S3_BACKFILL,2,Pitch 4 : Ball In Play,Line Out
923,2,t,1,130,2026-07-12 23:07:35.604308+00,5059222,3,5,Bottom,3,1,242884859,,,,,f,S3_BACKFILL,2,Freeman lined out to left.,Play Result
924,2,t,1,130,2026-07-12 23:07:35.604308+00,5059222,3,5,Bottom,3,1,242884860,,,,,f,S3_BACKFILL,2,,End Batter/Pitcher
925,2,t,0,,2026-07-12 23:07:35.604308+00,5059222,3,5,End,0,,242884861,,,,,f,S3_BACKFILL,0,End of the 5th inning,End Inning
926,2,t,0,,2026-07-12 23:07:35.604308+00,5059222,3,6,Top,0,,242885936,,,,,f,S3_BACKFILL,0,Top of the 6th inning,Start Inning
927,2,t,0,5,2026-07-12 23:07:35.604308+00,5059222,3,6,Top,0,5460,242885937,,,,,f,S3_BACKFILL,0,Emmet Sheehan pitches to Geraldo Perdomo,Start Batter/Pitcher
928,2,t,0,5,2026-07-12 23:07:35.604308+00,5059222,3,6,Top,0,5460,242887094,,,,,f,S3_BACKFILL,0,Pitch 1 : Ball 1,Ball
929,2,t,1,5,2026-07-12 23:07:35.604308+00,5059222,3,6,Top,0,5460,242887095,,,,,f,S3_BACKFILL,0,Pitch 2 : Strike 1 Foul,Foul Ball
1175,2,f,1,5,2026-07-12 21:54:09.827795+00,5059222,3,6,Top,0,5460,242887096,,,,,f,S3_LIVE_ARCHIVE,2,Pitch 3 : Strike 2 Looking,Strike Looking - Confirmed
930,2,t,2,5,2026-07-12 23:07:35.604308+00,5059222,3,6,Top,0,5460,242888196,,,,,f,S3_BACKFILL,1,Pitch 3 : Ball 2,Ball - Overturned
931,2,t,2,5,2026-07-12 23:07:35.604308+00,5059222,3,6,Top,0,5460,242888197,,,,,f,S3_BACKFILL,1,Pitch 4 : Ball 3,Ball
932,2,t,3,5,2026-07-12 23:07:35.604308+00,5059222,3,6,Top,0,5460,242888198,,,,,f,S3_BACKFILL,1,Pitch 5 : Strike 2 Looking,Strike Looking
933,2,t,3,5,2026-07-12 23:07:35.604308+00,5059222,3,6,Top,0,5460,242889307,,,,,f,S3_BACKFILL,2,Pitch 6 : Ball 4,Ball
934,2,t,4,5,2026-07-12 23:07:35.604308+00,5059222,3,6,Top,0,5460,242889308,,,,,f,S3_BACKFILL,2,Perdomo walked.,Play Result
935,2,t,4,5,2026-07-12 23:07:35.604308+00,5059222,3,6,Top,0,5460,242889309,,,,,f,S3_BACKFILL,2,,End Batter/Pitcher
936,2,t,0,23,2026-07-12 23:07:35.604308+00,5059222,3,6,Top,1,5460,242889310,,,,,f,S3_BACKFILL,0,Emmet Sheehan pitches to Corbin Carroll,Start Batter/Pitcher
937,2,t,0,23,2026-07-12 23:07:35.604308+00,5059222,3,6,Top,1,5460,242889311,,,,,f,S3_BACKFILL,0,Pitch 1 : Strike 1 Foul,Foul Ball
938,2,t,0,23,2026-07-12 23:07:35.604308+00,5059222,3,6,Top,1,5460,242890242,,,,,f,S3_BACKFILL,1,Pitch 2 : Strike 2 Swinging,Strike Swinging
939,2,t,0,23,2026-07-12 23:07:35.604308+00,5059222,3,6,Top,1,5460,242890243,,,,,f,S3_BACKFILL,2,Pitch 3 : Ball 1,Ball
940,2,t,1,23,2026-07-12 23:07:35.604308+00,5059222,3,6,Top,1,5460,242891472,,,,,f,S3_BACKFILL,2,Pitch 4 : Ball 2,Ball
941,2,t,0,,2026-07-12 23:07:35.604308+00,5059222,3,6,Top,0,5460,242891473,,,,,f,S3_BACKFILL,0,Perdomo to second on passed ball by Alfonzo.,Passed Ball
942,2,t,0,,2026-07-12 23:07:35.604308+00,5059222,3,6,Top,0,5460,242891474,,,,,f,S3_BACKFILL,0,Perdomo to second on passed ball by Alfonzo.,Play Result
943,2,t,2,23,2026-07-12 23:07:35.604308+00,5059222,3,6,Top,1,5460,242891475,,,,,f,S3_BACKFILL,2,Pitch 5 : Strike 2 Foul,Foul Ball
944,2,t,2,23,2026-07-12 23:07:35.604308+00,5059222,3,6,Top,1,5460,242891476,,,,,f,S3_BACKFILL,2,Pitch 6 : Strike 2 Foul,Foul Ball
945,2,t,2,23,2026-07-12 23:07:35.604308+00,5059222,3,6,Top,1,5460,242892718,,,,,f,S3_BACKFILL,2,Pitch 7 : Strike 2 Foul,Foul Ball
946,2,t,2,23,2026-07-12 23:07:35.604308+00,5059222,3,6,Top,1,5460,242893757,,,,,f,S3_BACKFILL,2,Pitch 8 : Ball In Play,Fly Out
947,2,t,2,23,2026-07-12 23:07:35.604308+00,5059222,3,6,Top,1,5460,242893758,,,,,f,S3_BACKFILL,2,"Carroll flied out to right, Perdomo to third.",Play Result
948,2,t,2,23,2026-07-12 23:07:35.604308+00,5059222,3,6,Top,1,5460,242893759,,,,,f,S3_BACKFILL,2,,End Batter/Pitcher
949,2,t,0,,2026-07-12 23:07:35.604308+00,5059222,3,6,Top,0,6208,242893760,,,,,f,S3_BACKFILL,0,Henriquez relieved Sheehan,Play Result
950,2,t,0,3,2026-07-12 23:07:35.604308+00,5059222,3,6,Top,1,6208,242893761,,,,,f,S3_BACKFILL,0,Edgardo Henriquez pitches to Gabriel Moreno,Start Batter/Pitcher
951,2,t,0,3,2026-07-12 23:07:35.604308+00,5059222,3,6,Top,1,6208,242898552,,,,,f,S3_BACKFILL,0,Pitch 1 : Strike 1 Looking,Strike Looking
952,2,t,0,3,2026-07-12 23:07:35.604308+00,5059222,3,6,Top,1,6208,242898553,,,,,f,S3_BACKFILL,1,Pitch 2 : Ball 1,Ball
953,2,t,1,3,2026-07-12 23:07:35.604308+00,5059222,3,6,Top,1,6208,242899710,,,,,f,S3_BACKFILL,1,Pitch 3 : Ball 2,Ball
954,2,t,2,3,2026-07-12 23:07:35.604308+00,5059222,3,6,Top,1,6208,242899711,,,,,f,S3_BACKFILL,1,Pitch 4 : Ball 3,Ball
955,2,t,3,3,2026-07-12 23:07:35.604308+00,5059222,3,6,Top,1,6208,242900909,,,,,f,S3_BACKFILL,1,Pitch 5 : Ball 4,Ball
956,2,t,4,3,2026-07-12 23:07:35.604308+00,5059222,3,6,Top,1,6208,242900910,,,,,f,S3_BACKFILL,1,Moreno walked.,Play Result
957,2,t,4,3,2026-07-12 23:07:35.604308+00,5059222,3,6,Top,1,6208,242900911,,,,,f,S3_BACKFILL,1,,End Batter/Pitcher
958,3,t,0,4,2026-07-12 23:07:35.604308+00,5059222,3,6,Top,1,6208,242900912,,,,,f,S3_BACKFILL,0,Edgardo Henriquez pitches to Lourdes Gurriel Jr.,Start Batter/Pitcher
959,2,t,0,4,2026-07-12 23:07:35.604308+00,5059222,3,6,Top,1,6208,242900913,,,,,f,S3_BACKFILL,0,Pitch 1 : Ball 1,Ball
960,2,t,1,4,2026-07-12 23:07:35.604308+00,5059222,3,6,Top,1,6208,242900914,,,,,f,S3_BACKFILL,0,Pitch 2 : Strike 1 Swinging,Strike Swinging
961,2,t,1,4,2026-07-12 23:07:35.604308+00,5059222,3,6,Top,1,6208,242902092,,,,,f,S3_BACKFILL,1,Pitch 3 : Strike 2 Foul,Foul Ball
962,3,t,1,4,2026-07-12 23:07:35.604308+00,5059222,3,6,Top,1,6208,242904393,,,,,f,S3_BACKFILL,2,Pitch 4 : Ball In Play,Batters Fielders Choice - All Runners Safe
963,3,t,1,4,2026-07-12 23:07:35.604308+00,5059222,3,6,Top,1,6208,242904394,,,,1,t,S3_BACKFILL,2,"Gurriel Jr. grounded into fielder's choice to third, Perdomo scored on throwing error by third baseman Muncy, Moreno safe at third on error.",Play Result
964,3,t,1,4,2026-07-12 23:07:35.604308+00,5059222,3,6,Top,1,6208,242904395,,,,,f,S3_BACKFILL,2,,End Batter/Pitcher
965,4,t,0,183,2026-07-12 23:07:35.604308+00,5059222,3,6,Top,2,6208,242904396,,,,,f,S3_BACKFILL,0,Edgardo Henriquez pitches to Ildemaro Vargas,Start Batter/Pitcher
966,3,t,0,183,2026-07-12 23:07:35.604308+00,5059222,3,6,Top,2,6208,242904397,,,,,f,S3_BACKFILL,0,Pitch 1 : Ball 1,Ball
967,3,t,1,183,2026-07-12 23:07:35.604308+00,5059222,3,6,Top,2,6208,242904398,,,,,f,S3_BACKFILL,0,Pitch 2 : Ball 2,Ball
968,3,t,2,183,2026-07-12 23:07:35.604308+00,5059222,3,6,Top,2,6208,242904399,,,,,f,S3_BACKFILL,0,Pitch 3 : Strike 1 Foul,Foul Ball
969,4,t,2,183,2026-07-12 23:07:35.604308+00,5059222,3,6,Top,2,6208,242906842,,,,,f,S3_BACKFILL,1,Pitch 4 : Ball In Play,Single
970,4,t,2,183,2026-07-12 23:07:35.604308+00,5059222,3,6,Top,2,6208,242906843,,,,1,t,S3_BACKFILL,1,"Vargas singled to right, Moreno scored, Vargas out stretching at second, Gurriel Jr. to third.",Play Result
971,4,t,2,183,2026-07-12 23:07:35.604308+00,5059222,3,6,Top,2,6208,242906844,,,,,f,S3_BACKFILL,1,,End Batter/Pitcher
972,4,t,0,402,2026-07-12 23:07:35.604308+00,5059222,3,6,Top,3,6208,242906845,,,,,f,S3_BACKFILL,0,Edgardo Henriquez pitches to Nolan Arenado,Start Batter/Pitcher
973,4,t,0,402,2026-07-12 23:07:35.604308+00,5059222,3,6,Top,3,6208,242906846,,,,,f,S3_BACKFILL,0,Pitch 1 : Strike 1 Looking,Strike Looking
974,4,t,0,402,2026-07-12 23:07:35.604308+00,5059222,3,6,Top,3,6208,242908084,,,,,f,S3_BACKFILL,1,Pitch 2 : Ball In Play,Ground Out
975,4,t,0,402,2026-07-12 23:07:35.604308+00,5059222,3,6,Top,3,6208,242908085,,,,,f,S3_BACKFILL,1,Arenado grounded out to first.,Play Result
976,4,t,0,402,2026-07-12 23:07:35.604308+00,5059222,3,6,Top,3,6208,242908086,,,,,f,S3_BACKFILL,1,,End Batter/Pitcher
977,4,t,0,,2026-07-12 23:07:35.604308+00,5059222,3,6,Mid,0,,242908087,,,,,f,S3_BACKFILL,0,Middle of the 6th inning,End Inning
978,4,t,0,,2026-07-12 23:07:35.604308+00,5059222,3,6,Bottom,0,,242910742,,,,,f,S3_BACKFILL,0,Bottom of the 6th inning,Start Inning
979,4,t,0,118,2026-07-12 23:07:35.604308+00,5059222,3,6,Bottom,1,1,242910743,,,,,f,S3_BACKFILL,0,Ryan Thompson pitches to Mookie Betts,Start Batter/Pitcher
980,4,t,0,118,2026-07-12 23:07:35.604308+00,5059222,3,6,Bottom,1,1,242910744,,,,,f,S3_BACKFILL,0,Pitch 1 : Ball 1,Ball
981,4,t,1,118,2026-07-12 23:07:35.604308+00,5059222,3,6,Bottom,1,1,242910745,,,,,f,S3_BACKFILL,0,Pitch 2 : Ball In Play,Ground Out
982,4,t,1,118,2026-07-12 23:07:35.604308+00,5059222,3,6,Bottom,1,1,242910746,,,,,f,S3_BACKFILL,0,Betts grounded out to shortstop.,Play Result
983,4,t,1,118,2026-07-12 23:07:35.604308+00,5059222,3,6,Bottom,1,1,242910747,,,,,f,S3_BACKFILL,0,,End Batter/Pitcher
984,4,t,0,160,2026-07-12 23:07:35.604308+00,5059222,3,6,Bottom,2,26,242910748,,,,,f,S3_BACKFILL,0,Kevin Ginkel pitches to Tommy Edman,Start Batter/Pitcher
985,4,t,0,,2026-07-12 23:07:35.604308+00,5059222,3,6,Bottom,0,26,242911873,,,,,f,S3_BACKFILL,0,Ginkel relieved Thompson,Play Result
986,4,t,0,160,2026-07-12 23:07:35.604308+00,5059222,3,6,Bottom,2,26,242914445,,,,,f,S3_BACKFILL,0,Pitch 1 : Ball In Play,Fly Out
987,4,t,0,160,2026-07-12 23:07:35.604308+00,5059222,3,6,Bottom,2,26,242914446,,,,,f,S3_BACKFILL,0,Edman flied out to right.,Play Result
988,4,t,0,160,2026-07-12 23:07:35.604308+00,5059222,3,6,Bottom,2,26,242914447,,,,,f,S3_BACKFILL,0,,End Batter/Pitcher
989,4,t,0,678,2026-07-12 23:07:35.604308+00,5059222,3,6,Bottom,3,26,242914448,,,,,f,S3_BACKFILL,0,Kevin Ginkel pitches to Kyle Tucker,Start Batter/Pitcher
990,4,t,0,678,2026-07-12 23:07:35.604308+00,5059222,3,6,Bottom,3,26,242915747,,,,,f,S3_BACKFILL,0,Pitch 1 : Strike 1 Foul,Foul Ball
991,4,t,0,678,2026-07-12 23:07:35.604308+00,5059222,3,6,Bottom,3,26,242915748,,,,,f,S3_BACKFILL,1,Pitch 2 : Ball In Play,Line Out
992,4,t,0,678,2026-07-12 23:07:35.604308+00,5059222,3,6,Bottom,3,26,242915749,,,,,f,S3_BACKFILL,1,Tucker lined out to third.,Play Result
993,4,t,0,678,2026-07-12 23:07:35.604308+00,5059222,3,6,Bottom,3,26,242915750,,,,,f,S3_BACKFILL,1,,End Batter/Pitcher
994,4,t,0,,2026-07-12 23:07:35.604308+00,5059222,3,6,End,0,,242915751,,,,,f,S3_BACKFILL,0,End of the 6th inning,End Inning
995,4,t,0,,2026-07-12 23:07:35.604308+00,5059222,3,7,Top,0,,242917164,,,,,f,S3_BACKFILL,0,Top of the 7th inning,Start Inning
996,4,t,0,,2026-07-12 23:07:35.604308+00,5059222,3,7,Top,0,5525,242917165,,,,,f,S3_BACKFILL,0,Stewart relieved Henriquez,Play Result
997,4,t,0,407585,2026-07-12 23:07:35.604308+00,5059222,3,7,Top,1,5525,242917166,,,,,f,S3_BACKFILL,0,Brock Stewart pitches to Tim Tawa,Start Batter/Pitcher
998,4,t,0,407585,2026-07-12 23:07:35.604308+00,5059222,3,7,Top,1,5525,242919708,,,,,f,S3_BACKFILL,0,Pitch 1 : Ball 1,Ball
999,4,t,1,407585,2026-07-12 23:07:35.604308+00,5059222,3,7,Top,1,5525,242919709,,,,,f,S3_BACKFILL,0,Pitch 2 : Strike 1 Swinging,Strike Swinging
1000,4,t,1,407585,2026-07-12 23:07:35.604308+00,5059222,3,7,Top,1,5525,242919710,,,,,f,S3_BACKFILL,1,Pitch 3 : Ball In Play,Ground Out
1001,4,t,1,407585,2026-07-12 23:07:35.604308+00,5059222,3,7,Top,1,5525,242919711,,,,,f,S3_BACKFILL,1,Tawa grounded out to third.,Play Result
1002,4,t,1,407585,2026-07-12 23:07:35.604308+00,5059222,3,7,Top,1,5525,242919712,,,,,f,S3_BACKFILL,1,,End Batter/Pitcher
1003,4,t,0,4838899,2026-07-12 23:07:35.604308+00,5059222,3,7,Top,1,5525,242919713,,,,,f,S3_BACKFILL,0,Brock Stewart pitches to Ryan Waldschmidt,Start Batter/Pitcher
1004,4,t,0,4838899,2026-07-12 23:07:35.604308+00,5059222,3,7,Top,1,5525,242921299,,,,,f,S3_BACKFILL,0,Pitch 1 : Strike 1 Swinging,Strike Swinging
1005,4,t,0,4838899,2026-07-12 23:07:35.604308+00,5059222,3,7,Top,1,5525,242921300,,,,,f,S3_BACKFILL,1,Pitch 2 : Ball 1,Ball
1006,4,t,1,4838899,2026-07-12 23:07:35.604308+00,5059222,3,7,Top,1,5525,242921301,,,,,f,S3_BACKFILL,1,Pitch 3 : Strike 2 Foul,Foul Ball
1007,4,t,1,4838899,2026-07-12 23:07:35.604308+00,5059222,3,7,Top,1,5525,242922401,,,,,f,S3_BACKFILL,2,Pitch 4 : Ball 2,Ball
1008,4,t,2,4838899,2026-07-12 23:07:35.604308+00,5059222,3,7,Top,1,5525,242922582,,,,,f,S3_BACKFILL,2,Pitch 5 : Ball 3,Ball
1009,4,t,3,4838899,2026-07-12 23:07:35.604308+00,5059222,3,7,Top,1,5525,242922583,,,,,f,S3_BACKFILL,2,Pitch 6 : Ball 4,Ball
1010,4,t,4,4838899,2026-07-12 23:07:35.604308+00,5059222,3,7,Top,1,5525,242922584,,,,,f,S3_BACKFILL,2,Waldschmidt walked.,Play Result
1011,4,t,4,4838899,2026-07-12 23:07:35.604308+00,5059222,3,7,Top,1,5525,242922585,,,,,f,S3_BACKFILL,2,,End Batter/Pitcher
1012,4,t,0,22,2026-07-12 23:07:35.604308+00,5059222,3,7,Top,2,5525,242923943,,,,,f,S3_BACKFILL,0,Brock Stewart pitches to Ketel Marte,Start Batter/Pitcher
1013,4,t,0,22,2026-07-12 23:07:35.604308+00,5059222,3,7,Top,2,5525,242923944,,,,,f,S3_BACKFILL,0,Pitch 1 : Strike 1 Foul,Foul Ball
1014,4,t,0,22,2026-07-12 23:07:35.604308+00,5059222,3,7,Top,2,5525,242923945,,,,,f,S3_BACKFILL,1,Pitch 2 : Strike 2 Foul,Foul Ball
1015,4,t,0,22,2026-07-12 23:07:35.604308+00,5059222,3,7,Top,2,5525,242925412,,,,,f,S3_BACKFILL,2,Pitch 3 : Strike 3 Swinging,Strike Swinging
1016,4,t,0,22,2026-07-12 23:07:35.604308+00,5059222,3,7,Top,2,5525,242925413,,,,,f,S3_BACKFILL,3,Marte struck out swinging.,Play Result
1017,4,t,0,22,2026-07-12 23:07:35.604308+00,5059222,3,7,Top,2,5525,242925414,,,,,f,S3_BACKFILL,3,,End Batter/Pitcher
1018,4,t,0,5,2026-07-12 23:07:35.604308+00,5059222,3,7,Top,3,5525,242925415,,,,,f,S3_BACKFILL,0,Brock Stewart pitches to Geraldo Perdomo,Start Batter/Pitcher
1019,4,t,0,5,2026-07-12 23:07:35.604308+00,5059222,3,7,Top,3,5525,242925416,,,,,f,S3_BACKFILL,0,Pitch 1 : Ball 1,Ball
1020,4,t,1,5,2026-07-12 23:07:35.604308+00,5059222,3,7,Top,3,5525,242926718,,,,,f,S3_BACKFILL,0,Pitch 2 : Ball 2,Ball
1021,4,t,0,,2026-07-12 23:07:35.604308+00,5059222,3,7,Top,0,5525,242926720,,,,,f,S3_BACKFILL,0,Waldschmidt stole second.,Stolen Base
1022,4,t,0,,2026-07-12 23:07:35.604308+00,5059222,3,7,Top,0,5525,242926721,,,,,f,S3_BACKFILL,0,Waldschmidt stole second.,Play Result
1023,4,t,2,5,2026-07-12 23:07:35.604308+00,5059222,3,7,Top,3,5525,242926722,,,,,f,S3_BACKFILL,0,Pitch 3 : Strike 1 Looking,Strike Looking
1024,4,t,2,5,2026-07-12 23:07:35.604308+00,5059222,3,7,Top,3,5525,242928125,,,,,f,S3_BACKFILL,1,Pitch 4 : Ball In Play,Fly Out
1025,4,t,2,5,2026-07-12 23:07:35.604308+00,5059222,3,7,Top,3,5525,242928126,,,,,f,S3_BACKFILL,1,Perdomo flied out to center.,Play Result
1026,4,t,2,5,2026-07-12 23:07:35.604308+00,5059222,3,7,Top,3,5525,242928127,,,,,f,S3_BACKFILL,1,,End Batter/Pitcher
1027,4,t,0,,2026-07-12 23:07:35.604308+00,5059222,3,7,Mid,0,,242928128,,,,,f,S3_BACKFILL,0,Middle of the 7th inning,End Inning
1028,4,t,0,,2026-07-12 23:07:35.604308+00,5059222,3,7,Bottom,0,,242929344,,,,,f,S3_BACKFILL,0,Bottom of the 7th inning,Start Inning
1029,4,t,0,,2026-07-12 23:07:35.604308+00,5059222,3,7,Bottom,0,3618,242929345,,,,,f,S3_BACKFILL,0,Loaisiga relieved Ginkel,Play Result
1030,4,t,0,1098,2026-07-12 23:07:35.604308+00,5059222,3,7,Bottom,1,3618,242929346,,,,,f,S3_BACKFILL,0,Jonathan Loaisiga pitches to Teoscar Hernandez,Start Batter/Pitcher
1031,4,t,0,1098,2026-07-12 23:07:35.604308+00,5059222,3,7,Bottom,1,3618,242931060,,,,,f,S3_BACKFILL,0,Pitch 1 : Ball 1,Ball
1032,4,t,1,1098,2026-07-12 23:07:35.604308+00,5059222,3,7,Bottom,1,3618,242932383,,,,,f,S3_BACKFILL,0,Pitch 2 : Strike 1 Looking,Strike Looking
1033,4,t,1,1098,2026-07-12 23:07:35.604308+00,5059222,3,7,Bottom,1,3618,242932384,,,,,f,S3_BACKFILL,1,Pitch 3 : Strike 2 Swinging,Strike Swinging
1034,4,t,1,1098,2026-07-12 23:07:35.604308+00,5059222,3,7,Bottom,1,3618,242932385,,,,,f,S3_BACKFILL,2,Pitch 4 : Ball 2,Ball
1035,4,t,2,1098,2026-07-12 23:07:35.604308+00,5059222,3,7,Bottom,1,3618,242932386,,,,,f,S3_BACKFILL,2,Pitch 5 : Strike 3 Swinging,Strike Swinging
1036,4,t,2,1098,2026-07-12 23:07:35.604308+00,5059222,3,7,Bottom,1,3618,242932387,,,,,f,S3_BACKFILL,3,T. Hernández struck out swinging.,Play Result
1037,4,t,2,1098,2026-07-12 23:07:35.604308+00,5059222,3,7,Bottom,1,3618,242932388,,,,,f,S3_BACKFILL,3,,End Batter/Pitcher
1038,4,t,0,142,2026-07-12 23:07:35.604308+00,5059222,3,7,Bottom,2,3618,242932389,,,,,f,S3_BACKFILL,0,Jonathan Loaisiga pitches to Max Muncy,Start Batter/Pitcher
1039,4,t,0,142,2026-07-12 23:07:35.604308+00,5059222,3,7,Bottom,2,3618,242933826,,,,,f,S3_BACKFILL,0,Pitch 1 : Strike 1 Swinging,Strike Swinging
1040,4,t,0,142,2026-07-12 23:07:35.604308+00,5059222,3,7,Bottom,2,3618,242933827,,,,,f,S3_BACKFILL,1,Pitch 2 : Ball 1,Ball
1041,4,t,1,142,2026-07-12 23:07:35.604308+00,5059222,3,7,Bottom,2,3618,242935270,,,,,f,S3_BACKFILL,1,Pitch 3 : Strike 2 Foul,Foul Ball
1042,4,t,1,142,2026-07-12 23:07:35.604308+00,5059222,3,7,Bottom,2,3618,242935271,,,,,f,S3_BACKFILL,2,Pitch 4 : Ball In Play,Fly Out
1043,4,t,1,142,2026-07-12 23:07:35.604308+00,5059222,3,7,Bottom,2,3618,242935272,,,,,f,S3_BACKFILL,2,Muncy flied out to left.,Play Result
1044,4,t,1,142,2026-07-12 23:07:35.604308+00,5059222,3,7,Bottom,2,3618,242935273,,,,,f,S3_BACKFILL,2,,End Batter/Pitcher
1045,4,t,0,,2026-07-12 23:07:35.604308+00,5059222,3,7,Bottom,0,,242935274,,,,,f,S3_BACKFILL,0,Rushing hit for Alfonzo,Play Result
1046,4,t,0,1139596,2026-07-12 23:07:35.604308+00,5059222,3,7,Bottom,2,3618,242935275,,,,,f,S3_BACKFILL,0,Jonathan Loaisiga pitches to Dalton Rushing,Start Batter/Pitcher
1047,4,t,0,1139596,2026-07-12 23:07:35.604308+00,5059222,3,7,Bottom,2,3618,242950651,,,,,f,S3_BACKFILL,0,Pitch 1 : Strike 1 Looking,Strike Looking
1048,4,t,0,1139596,2026-07-12 23:07:35.604308+00,5059222,3,7,Bottom,2,3618,242950652,,,,,f,S3_BACKFILL,1,Pitch 2 : Strike 2 Foul,Foul Ball
1049,4,t,0,1139596,2026-07-12 23:07:35.604308+00,5059222,3,7,Bottom,2,3618,242950653,,,,,f,S3_BACKFILL,2,Pitch 3 : Ball 1,Ball
1050,4,t,1,1139596,2026-07-12 23:07:35.604308+00,5059222,3,7,Bottom,2,3618,242950654,,,,,f,S3_BACKFILL,2,Pitch 4 : Strike 2 Foul,Foul Ball
1051,4,t,1,1139596,2026-07-12 23:07:35.604308+00,5059222,3,7,Bottom,2,3618,242951614,,,,,f,S3_BACKFILL,2,Pitch 5 : Strike 2 Foul,Foul Ball
1052,4,t,1,1139596,2026-07-12 23:07:35.604308+00,5059222,3,7,Bottom,2,3618,242951615,,,,,f,S3_BACKFILL,2,Pitch 6 : Ball 2,Ball
1053,4,t,2,1139596,2026-07-12 23:07:35.604308+00,5059222,3,7,Bottom,2,3618,242952582,,,,,f,S3_BACKFILL,2,Pitch 7 : Ball 3,Ball
1054,4,t,3,1139596,2026-07-12 23:07:35.604308+00,5059222,3,7,Bottom,2,3618,242952583,,,,,f,S3_BACKFILL,2,Pitch 8 : Ball 4,Ball
1055,4,t,4,1139596,2026-07-12 23:07:35.604308+00,5059222,3,7,Bottom,2,3618,242952584,,,,,f,S3_BACKFILL,2,Rushing walked.,Play Result
1056,4,t,4,1139596,2026-07-12 23:07:35.604308+00,5059222,3,7,Bottom,2,3618,242952585,,,,,f,S3_BACKFILL,2,,End Batter/Pitcher
1057,4,t,0,208,2026-07-12 23:07:35.604308+00,5059222,3,7,Bottom,3,3618,242952586,,,,,f,S3_BACKFILL,0,Jonathan Loaisiga pitches to Shohei Ohtani,Start Batter/Pitcher
1058,4,t,0,208,2026-07-12 23:07:35.604308+00,5059222,3,7,Bottom,3,3618,242952587,,,,,f,S3_BACKFILL,0,Pitch 1 : Ball 1,Ball
1059,4,t,1,208,2026-07-12 23:07:35.604308+00,5059222,3,7,Bottom,3,3618,242953565,,,,,f,S3_BACKFILL,0,Pitch 2 : Ball 2,Ball
1060,4,t,2,208,2026-07-12 23:07:35.604308+00,5059222,3,7,Bottom,3,3618,242953566,,,,,f,S3_BACKFILL,0,Pitch 3 : Strike 1 Looking,Strike Looking
1061,4,t,2,208,2026-07-12 23:07:35.604308+00,5059222,3,7,Bottom,3,3618,242953567,,,,,f,S3_BACKFILL,1,Pitch 4 : Strike 2 Looking,Strike Looking
1062,4,t,2,208,2026-07-12 23:07:35.604308+00,5059222,3,7,Bottom,3,3618,242954651,,,,,f,S3_BACKFILL,2,Pitch 5 : Strike 2 Foul,Foul Ball
1063,4,t,2,208,2026-07-12 23:07:35.604308+00,5059222,3,7,Bottom,3,3618,242955542,,,,,f,S3_BACKFILL,2,Pitch 6 : Strike 3 Swinging,Strike Swinging
1064,4,t,2,208,2026-07-12 23:07:35.604308+00,5059222,3,7,Bottom,3,3618,242955543,,,,,f,S3_BACKFILL,3,Ohtani struck out swinging.,Play Result
1065,4,t,2,208,2026-07-12 23:07:35.604308+00,5059222,3,7,Bottom,3,3618,242955544,,,,,f,S3_BACKFILL,3,,End Batter/Pitcher
1066,4,t,0,,2026-07-12 23:07:35.604308+00,5059222,3,7,End,0,,242955545,,,,,f,S3_BACKFILL,0,End of the 7th inning,End Inning
1067,4,t,0,,2026-07-12 23:07:35.604308+00,5059222,3,8,Top,0,,242956447,,,,,f,S3_BACKFILL,0,Top of the 8th inning,Start Inning
1068,4,t,0,,2026-07-12 23:07:35.604308+00,5059222,3,8,Top,0,,242956448,,,,,f,S3_BACKFILL,0,Rushing catching.,Play Result
1069,4,t,0,,2026-07-12 23:07:35.604308+00,5059222,3,8,Top,0,2898,242956449,,,,,f,S3_BACKFILL,0,Scott relieved Stewart,Play Result
1070,4,t,0,23,2026-07-12 23:07:35.604308+00,5059222,3,8,Top,1,2898,242956450,,,,,f,S3_BACKFILL,0,Tanner Scott pitches to Corbin Carroll,Start Batter/Pitcher
1071,4,t,0,23,2026-07-12 23:07:35.604308+00,5059222,3,8,Top,1,2898,242957556,,,,,f,S3_BACKFILL,0,Pitch 1 : Ball 1,Ball
1072,4,t,1,23,2026-07-12 23:07:35.604308+00,5059222,3,8,Top,1,2898,242957557,,,,,f,S3_BACKFILL,0,Pitch 2 : Ball 2,Ball
1073,4,t,2,23,2026-07-12 23:07:35.604308+00,5059222,3,8,Top,1,2898,242958567,,,,,f,S3_BACKFILL,0,Pitch 3 : Ball In Play,Ground Out
1074,4,t,2,23,2026-07-12 23:07:35.604308+00,5059222,3,8,Top,1,2898,242958568,,,,,f,S3_BACKFILL,0,Carroll grounded out to pitcher.,Play Result
1075,4,t,2,23,2026-07-12 23:07:35.604308+00,5059222,3,8,Top,1,2898,242958569,,,,,f,S3_BACKFILL,0,,End Batter/Pitcher
1076,4,t,0,3,2026-07-12 23:07:35.604308+00,5059222,3,8,Top,2,2898,242958570,,,,,f,S3_BACKFILL,0,Tanner Scott pitches to Gabriel Moreno,Start Batter/Pitcher
1077,4,t,0,3,2026-07-12 23:07:35.604308+00,5059222,3,8,Top,2,2898,242958571,,,,,f,S3_BACKFILL,0,Pitch 1 : Strike 1 Swinging,Strike Swinging
1078,4,t,0,3,2026-07-12 23:07:35.604308+00,5059222,3,8,Top,2,2898,242959590,,,,,f,S3_BACKFILL,1,Pitch 2 : Ball 1,Ball
1079,4,t,1,3,2026-07-12 23:07:35.604308+00,5059222,3,8,Top,2,2898,242959591,,,,,f,S3_BACKFILL,1,Pitch 3 : Strike 2 Foul,Foul Ball
1080,4,t,1,3,2026-07-12 23:07:35.604308+00,5059222,3,8,Top,2,2898,242960716,,,,,f,S3_BACKFILL,2,Pitch 4 : Strike 2 Foul,Foul Ball
1081,4,t,1,3,2026-07-12 23:07:35.604308+00,5059222,3,8,Top,2,2898,242960717,,,,,f,S3_BACKFILL,2,Pitch 5 : Ball 2,Ball
1082,4,t,2,3,2026-07-12 23:07:35.604308+00,5059222,3,8,Top,2,2898,242960718,,,,,f,S3_BACKFILL,2,Pitch 6 : Strike 3 Swinging,Strike Swinging
1083,4,t,2,3,2026-07-12 23:07:35.604308+00,5059222,3,8,Top,2,2898,242960719,,,,,f,S3_BACKFILL,3,Moreno struck out swinging.,Play Result
1084,4,t,2,3,2026-07-12 23:07:35.604308+00,5059222,3,8,Top,2,2898,242960720,,,,,f,S3_BACKFILL,3,,End Batter/Pitcher
1085,4,t,0,4,2026-07-12 23:07:35.604308+00,5059222,3,8,Top,3,2898,242961751,,,,,f,S3_BACKFILL,0,Tanner Scott pitches to Lourdes Gurriel Jr.,Start Batter/Pitcher
1086,4,t,0,4,2026-07-12 23:07:35.604308+00,5059222,3,8,Top,3,2898,242961752,,,,,f,S3_BACKFILL,0,Pitch 1 : Ball In Play,Line Out
1087,4,t,0,4,2026-07-12 23:07:35.604308+00,5059222,3,8,Top,3,2898,242961753,,,,,f,S3_BACKFILL,0,Gurriel Jr. lined out to second.,Play Result
1088,4,t,0,4,2026-07-12 23:07:35.604308+00,5059222,3,8,Top,3,2898,242961754,,,,,f,S3_BACKFILL,0,,End Batter/Pitcher
1089,4,t,0,,2026-07-12 23:07:35.604308+00,5059222,3,8,Mid,0,,242961755,,,,,f,S3_BACKFILL,0,Middle of the 8th inning,End Inning
1090,4,t,0,,2026-07-12 23:07:35.604308+00,5059222,3,8,Bottom,0,,242961756,,,,,f,S3_BACKFILL,0,Bottom of the 8th inning,Start Inning
1091,4,t,0,,2026-07-12 23:07:35.604308+00,5059222,3,8,Bottom,0,668631,242961757,,,,,f,S3_BACKFILL,0,Morillo relieved Loaisiga,Play Result
1092,4,t,0,176,2026-07-12 23:07:35.604308+00,5059222,3,8,Bottom,0,668631,242961758,,,,,f,S3_BACKFILL,0,Juan Morillo pitches to Andy Pages,Start Batter/Pitcher
1093,4,t,0,,2026-07-12 23:07:35.604308+00,5059222,3,8,Bottom,0,,242963745,,,,,f,S3_BACKFILL,0,Barrosa in center field.,Play Result
1094,4,t,0,,2026-07-12 23:07:35.604308+00,5059222,3,8,Bottom,0,,242963746,,,,,f,S3_BACKFILL,0,Waldschmidt in left field.,Play Result
1095,4,t,0,176,2026-07-12 23:07:35.604308+00,5059222,3,8,Bottom,0,668631,242964804,,,,,f,S3_BACKFILL,0,Pitch 1 : Ball 1,Ball
1096,4,t,1,176,2026-07-12 23:07:35.604308+00,5059222,3,8,Bottom,0,668631,242964805,,,,,f,S3_BACKFILL,0,Pitch 2 : Strike 1 Looking,Strike Looking
1097,4,t,1,176,2026-07-12 23:07:35.604308+00,5059222,3,8,Bottom,0,668631,242964806,,,,,f,S3_BACKFILL,1,Pitch 3 : Ball 2,Ball
1098,4,t,2,176,2026-07-12 23:07:35.604308+00,5059222,3,8,Bottom,0,668631,242964807,,,,,f,S3_BACKFILL,1,Pitch 4 : Ball 3,Ball
1099,4,t,3,176,2026-07-12 23:07:35.604308+00,5059222,3,8,Bottom,0,668631,242964808,,,,,f,S3_BACKFILL,1,Pitch 5 : Strike 2 Swinging,Strike Swinging
1100,4,t,3,176,2026-07-12 23:07:35.604308+00,5059222,3,8,Bottom,0,668631,242965469,,,,,f,S3_BACKFILL,2,Pitch 6 : Ball 4,Ball
1101,4,t,4,176,2026-07-12 23:07:35.604308+00,5059222,3,8,Bottom,0,668631,242965470,,,,,f,S3_BACKFILL,2,Pages walked.,Play Result
1102,4,t,4,176,2026-07-12 23:07:35.604308+00,5059222,3,8,Bottom,0,668631,242965471,,,,,f,S3_BACKFILL,2,,End Batter/Pitcher
1103,4,t,0,130,2026-07-12 23:07:35.604308+00,5059222,3,8,Bottom,2,668631,242965472,,,,,f,S3_BACKFILL,0,Juan Morillo pitches to Freddie Freeman,Start Batter/Pitcher
1104,4,t,0,130,2026-07-12 23:07:35.604308+00,5059222,3,8,Bottom,2,668631,242965969,,,,,f,S3_BACKFILL,0,Pitch 1 : Ball In Play,Ground Out
1105,4,t,0,130,2026-07-12 23:07:35.604308+00,5059222,3,8,Bottom,2,668631,242965970,,,,,f,S3_BACKFILL,0,"Freeman grounded into double play, first to shortstop, Pages out at second.",Play Result
1106,4,t,0,130,2026-07-12 23:07:35.604308+00,5059222,3,8,Bottom,2,668631,242965971,,,,,f,S3_BACKFILL,0,,End Batter/Pitcher
1107,4,t,0,118,2026-07-12 23:07:35.604308+00,5059222,3,8,Bottom,3,668631,242965972,,,,,f,S3_BACKFILL,0,Juan Morillo pitches to Mookie Betts,Start Batter/Pitcher
1108,4,t,0,118,2026-07-12 23:07:35.604308+00,5059222,3,8,Bottom,3,668631,242965973,,,,,f,S3_BACKFILL,0,Pitch 1 : Ball 1,Ball
1109,4,t,1,118,2026-07-12 23:07:35.604308+00,5059222,3,8,Bottom,3,668631,242965974,,,,,f,S3_BACKFILL,0,Pitch 2 : Strike 1 Looking,Strike Looking
1110,4,t,1,118,2026-07-12 23:07:35.604308+00,5059222,3,8,Bottom,3,668631,242965975,,,,,f,S3_BACKFILL,1,Pitch 3 : Ball 2,Ball
1111,4,t,2,118,2026-07-12 23:07:35.604308+00,5059222,3,8,Bottom,3,668631,242966479,,,,,f,S3_BACKFILL,1,Pitch 4 : Strike 2 Looking,Strike Looking
1112,4,t,2,118,2026-07-12 23:07:35.604308+00,5059222,3,8,Bottom,3,668631,242966480,,,,,f,S3_BACKFILL,2,Pitch 5 : Ball In Play,Ground Out
1113,4,t,2,118,2026-07-12 23:07:35.604308+00,5059222,3,8,Bottom,3,668631,242966481,,,,,f,S3_BACKFILL,2,Betts grounded out to first.,Play Result
1114,4,t,2,118,2026-07-12 23:07:35.604308+00,5059222,3,8,Bottom,3,668631,242966482,,,,,f,S3_BACKFILL,2,,End Batter/Pitcher
1115,4,t,0,,2026-07-12 23:07:35.604308+00,5059222,3,8,End,0,,242966483,,,,,f,S3_BACKFILL,0,End of the 8th inning,End Inning
1116,4,t,0,,2026-07-12 23:07:35.604308+00,5059222,3,9,Top,0,,242966992,,,,,f,S3_BACKFILL,0,Top of the 9th inning,Start Inning
1117,4,t,0,,2026-07-12 23:07:35.604308+00,5059222,3,9,Top,0,4162,242966993,,,,,f,S3_BACKFILL,0,Phillips relieved Scott,Play Result
1118,4,t,0,183,2026-07-12 23:07:35.604308+00,5059222,3,9,Top,1,4162,242966994,,,,,f,S3_BACKFILL,0,Evan Phillips pitches to Ildemaro Vargas,Start Batter/Pitcher
1119,4,t,0,183,2026-07-12 23:07:35.604308+00,5059222,3,9,Top,1,4162,242968017,,,,,f,S3_BACKFILL,0,Pitch 1 : Ball 1,Ball
1120,4,t,1,183,2026-07-12 23:07:35.604308+00,5059222,3,9,Top,1,4162,242968018,,,,,f,S3_BACKFILL,0,Pitch 2 : Strike 1 Looking,Strike Looking
1121,4,t,1,183,2026-07-12 23:07:35.604308+00,5059222,3,9,Top,1,4162,242968019,,,,,f,S3_BACKFILL,1,Pitch 3 : Strike 2 Swinging,Strike Swinging
1122,4,t,1,183,2026-07-12 23:07:35.604308+00,5059222,3,9,Top,1,4162,242968534,,,,,f,S3_BACKFILL,2,Pitch 4 : Ball In Play,Ground Out
1123,4,t,1,183,2026-07-12 23:07:35.604308+00,5059222,3,9,Top,1,4162,242968535,,,,,f,S3_BACKFILL,2,Vargas grounded out to second.,Play Result
1124,4,t,1,183,2026-07-12 23:07:35.604308+00,5059222,3,9,Top,1,4162,242968536,,,,,f,S3_BACKFILL,2,,End Batter/Pitcher
1125,4,t,0,402,2026-07-12 23:07:35.604308+00,5059222,3,9,Top,2,4162,242968537,,,,,f,S3_BACKFILL,0,Evan Phillips pitches to Nolan Arenado,Start Batter/Pitcher
1126,4,t,1,402,2026-07-12 23:07:35.604308+00,5059222,3,9,Top,2,4162,242968538,,,,,f,S3_BACKFILL,0,Pitch 1 : Ball 1,Ball - Overturned
1127,4,t,1,402,2026-07-12 23:07:35.604308+00,5059222,3,9,Top,2,4162,242969058,,,,,f,S3_BACKFILL,0,Pitch 2 : Strike 1 Foul,Foul Ball
1128,4,t,1,402,2026-07-12 23:07:35.604308+00,5059222,3,9,Top,2,4162,242969059,,,,,f,S3_BACKFILL,1,Pitch 3 : Ball 2,Ball
1129,4,t,2,402,2026-07-12 23:07:35.604308+00,5059222,3,9,Top,2,4162,242969581,,,,,f,S3_BACKFILL,1,Pitch 4 : Strike 2 Swinging,Strike Swinging
1130,4,t,2,402,2026-07-12 23:07:35.604308+00,5059222,3,9,Top,2,4162,242969582,,,,,f,S3_BACKFILL,2,Pitch 5 : Ball In Play,Fly Out
1131,4,t,2,402,2026-07-12 23:07:35.604308+00,5059222,3,9,Top,2,4162,242969583,,,,,f,S3_BACKFILL,2,Arenado flied out to center.,Play Result
1132,4,t,2,402,2026-07-12 23:07:35.604308+00,5059222,3,9,Top,2,4162,242969584,,,,,f,S3_BACKFILL,2,,End Batter/Pitcher
1133,5,t,0,407585,2026-07-12 23:07:35.604308+00,5059222,3,9,Top,2,4162,242969585,,,,,f,S3_BACKFILL,0,Evan Phillips pitches to Tim Tawa,Start Batter/Pitcher
1134,4,t,0,407585,2026-07-12 23:07:35.604308+00,5059222,3,9,Top,2,4162,242969586,,,,,f,S3_BACKFILL,0,Pitch 1 : Strike 1 Foul,Foul Ball
1135,4,t,0,407585,2026-07-12 23:07:35.604308+00,5059222,3,9,Top,2,4162,242970114,,,,,f,S3_BACKFILL,1,Pitch 2 : Strike 2 Swinging,Strike Swinging
1136,4,t,0,407585,2026-07-12 23:07:35.604308+00,5059222,3,9,Top,2,4162,242970115,,,,,f,S3_BACKFILL,2,Pitch 3 : Ball 1,Ball
1137,4,t,1,407585,2026-07-12 23:07:35.604308+00,5059222,3,9,Top,2,4162,242970645,,,,,f,S3_BACKFILL,2,Pitch 4 : Ball 2,Ball
1138,5,t,2,407585,2026-07-12 23:07:35.604308+00,5059222,3,9,Top,2,4162,242970646,,,,,f,S3_BACKFILL,2,Pitch 5 : Ball In Play,Home Run
1139,5,t,2,407585,2026-07-12 23:07:35.604308+00,5059222,3,9,Top,2,4162,242970647,,,,1,t,S3_BACKFILL,2,Tawa homered to center (414 feet).,Play Result
1140,5,t,2,407585,2026-07-12 23:07:35.604308+00,5059222,3,9,Top,2,4162,242970648,,,,,f,S3_BACKFILL,2,,End Batter/Pitcher
1141,5,t,0,4838899,2026-07-12 23:07:35.604308+00,5059222,3,9,Top,3,4162,242970649,,,,,f,S3_BACKFILL,0,Evan Phillips pitches to Ryan Waldschmidt,Start Batter/Pitcher
1142,5,t,0,4838899,2026-07-12 23:07:35.604308+00,5059222,3,9,Top,3,4162,242971184,,,,,f,S3_BACKFILL,0,Pitch 1 : Strike 1 Foul,Foul Ball
1143,5,t,0,4838899,2026-07-12 23:07:35.604308+00,5059222,3,9,Top,3,4162,242971185,,,,,f,S3_BACKFILL,1,Pitch 2 : Ball 1,Ball
1144,5,t,1,4838899,2026-07-12 23:07:35.604308+00,5059222,3,9,Top,3,4162,242971186,,,,,f,S3_BACKFILL,1,Pitch 3 : Ball 2,Ball
1145,5,t,2,4838899,2026-07-12 23:07:35.604308+00,5059222,3,9,Top,3,4162,242971724,,,,,f,S3_BACKFILL,1,Pitch 4 : Strike 2 Looking,Strike Looking
1146,5,t,2,4838899,2026-07-12 23:07:35.604308+00,5059222,3,9,Top,3,4162,242971725,,,,,f,S3_BACKFILL,2,Pitch 5 : Ball In Play,Fly Out
1147,5,t,2,4838899,2026-07-12 23:07:35.604308+00,5059222,3,9,Top,3,4162,242971726,,,,,f,S3_BACKFILL,2,Waldschmidt flied out to right.,Play Result
1148,5,t,2,4838899,2026-07-12 23:07:35.604308+00,5059222,3,9,Top,3,4162,242971727,,,,,f,S3_BACKFILL,2,,End Batter/Pitcher
1149,5,t,0,,2026-07-12 23:07:35.604308+00,5059222,3,9,Mid,0,,242971728,,,,,f,S3_BACKFILL,0,Middle of the 9th inning,End Inning
1150,5,t,0,,2026-07-12 23:07:35.604308+00,5059222,3,9,Bottom,0,,242972271,,,,,f,S3_BACKFILL,0,Bottom of the 9th inning,Start Inning
1151,5,t,0,,2026-07-12 23:07:35.604308+00,5059222,3,9,Bottom,0,2415,242972272,,,,,f,S3_BACKFILL,0,Sewald relieved Morillo,Play Result
1152,5,t,0,160,2026-07-12 23:07:35.604308+00,5059222,3,9,Bottom,1,2415,242972273,,,,,f,S3_BACKFILL,0,Paul Sewald pitches to Tommy Edman,Start Batter/Pitcher
1153,5,t,0,160,2026-07-12 23:07:35.604308+00,5059222,3,9,Bottom,1,2415,242975684,,,,,f,S3_BACKFILL,0,Pitch 1 : Ball 1,Ball
1154,5,t,1,160,2026-07-12 23:07:35.604308+00,5059222,3,9,Bottom,1,2415,242976231,,,,,f,S3_BACKFILL,0,Pitch 2 : Strike 1 Foul,Foul Ball
1155,5,t,1,160,2026-07-12 23:07:35.604308+00,5059222,3,9,Bottom,1,2415,242976232,,,,,f,S3_BACKFILL,1,Pitch 3 : Ball 2,Ball
1156,5,t,2,160,2026-07-12 23:07:35.604308+00,5059222,3,9,Bottom,1,2415,242976781,,,,,f,S3_BACKFILL,1,Pitch 4 : Ball In Play,Ground Out
1157,5,t,2,160,2026-07-12 23:07:35.604308+00,5059222,3,9,Bottom,1,2415,242976782,,,,,f,S3_BACKFILL,1,Edman grounded out to second.,Play Result
1158,5,t,2,160,2026-07-12 23:07:35.604308+00,5059222,3,9,Bottom,1,2415,242976783,,,,,f,S3_BACKFILL,1,,End Batter/Pitcher
1159,5,t,0,678,2026-07-12 23:07:35.604308+00,5059222,3,9,Bottom,2,2415,242976784,,,,,f,S3_BACKFILL,0,Paul Sewald pitches to Kyle Tucker,Start Batter/Pitcher
1160,5,t,0,678,2026-07-12 23:07:35.604308+00,5059222,3,9,Bottom,2,2415,242976785,,,,,f,S3_BACKFILL,0,Pitch 1 : Strike 1 Foul,Foul Ball
1161,5,t,0,678,2026-07-12 23:07:35.604308+00,5059222,3,9,Bottom,2,2415,242976786,,,,,f,S3_BACKFILL,1,Pitch 2 : Strike 2 Looking,Strike Looking
1162,5,t,0,678,2026-07-12 23:07:35.604308+00,5059222,3,9,Bottom,2,2415,242976787,,,,,f,S3_BACKFILL,2,Pitch 3 : Strike 2 Foul,Foul Ball
1163,5,t,0,678,2026-07-12 23:07:35.604308+00,5059222,3,9,Bottom,2,2415,242977343,,,,,f,S3_BACKFILL,2,Pitch 4 : Ball In Play,Line Out
1164,5,t,0,678,2026-07-12 23:07:35.604308+00,5059222,3,9,Bottom,2,2415,242977344,,,,,f,S3_BACKFILL,2,Tucker lined out to center.,Play Result
1165,5,t,0,678,2026-07-12 23:07:35.604308+00,5059222,3,9,Bottom,2,2415,242977345,,,,,f,S3_BACKFILL,2,,End Batter/Pitcher
1166,5,t,0,1098,2026-07-12 23:07:35.604308+00,5059222,3,9,Bottom,3,2415,242977346,,,,,f,S3_BACKFILL,0,Paul Sewald pitches to Teoscar Hernandez,Start Batter/Pitcher
1167,5,t,0,1098,2026-07-12 23:07:35.604308+00,5059222,3,9,Bottom,3,2415,242977347,,,,,f,S3_BACKFILL,0,Pitch 1 : Strike 1 Looking,Strike Looking
1168,5,t,0,1098,2026-07-12 23:07:35.604308+00,5059222,3,9,Bottom,3,2415,242977908,,,,,f,S3_BACKFILL,1,Pitch 2 : Ball 1,Ball
1169,5,t,1,1098,2026-07-12 23:07:35.604308+00,5059222,3,9,Bottom,3,2415,242977909,,,,,f,S3_BACKFILL,1,Pitch 3 : Strike 2 Foul,Foul Ball
1170,5,t,1,1098,2026-07-12 23:07:35.604308+00,5059222,3,9,Bottom,3,2415,242977910,,,,,f,S3_BACKFILL,2,Pitch 4 : Strike 3 Swinging,Strike Swinging
1171,5,t,1,1098,2026-07-12 23:07:35.604308+00,5059222,3,9,Bottom,3,2415,242977911,,,,,f,S3_BACKFILL,3,T. Hernández struck out swinging.,Play Result
1172,5,t,1,1098,2026-07-12 23:07:35.604308+00,5059222,3,9,Bottom,3,2415,242977912,,,,,f,S3_BACKFILL,3,,End Batter/Pitcher
1173,5,t,0,,2026-07-12 23:07:35.604308+00,5059222,3,9,End,0,,242977913,,,,,f,S3_BACKFILL,0,End of the 9th inning,End Inning
