id,backfilled,base_score,computed_at,game_id,importance_multiplier,inning,inning_type,play_order,pregame_bonus,signal_contributions,source,tags,watch_score
1,f,15,2026-07-12 20:10:34.902029+00,5059222,,9,End,242977913,,"{""pressure"": 0.0, ""score_gap"": 15.0, ""big_inning"": 0.0, ""lead_change"": 0.0, ""recent_score"": 0.0, ""late_or_extra"": 0.0, ""count_pressure"": 0.0, ""early_slugfest"": 0.0}",OPERATIONAL,"{""접전 흐름""}",15
2,f,15,2026-07-12 20:11:34.955351+00,5059222,,9,End,242977913,,"{""pressure"": 0.0, ""score_gap"": 15.0, ""big_inning"": 0.0, ""lead_change"": 0.0, ""recent_score"": 0.0, ""late_or_extra"": 0.0, ""count_pressure"": 0.0, ""early_slugfest"": 0.0}",OPERATIONAL,"{""접전 흐름""}",15
3,f,15,2026-07-12 20:12:35.197061+00,5059222,,9,End,242977913,,"{""pressure"": 0.0, ""score_gap"": 15.0, ""big_inning"": 0.0, ""lead_change"": 0.0, ""recent_score"": 0.0, ""late_or_extra"": 0.0, ""count_pressure"": 0.0, ""early_slugfest"": 0.0}",OPERATIONAL,"{""접전 흐름""}",15
4,f,15,2026-07-12 20:13:35.059635+00,5059222,,9,End,242977913,,"{""pressure"": 0.0, ""score_gap"": 15.0, ""big_inning"": 0.0, ""lead_change"": 0.0, ""recent_score"": 0.0, ""late_or_extra"": 0.0, ""count_pressure"": 0.0, ""early_slugfest"": 0.0}",OPERATIONAL,"{""접전 흐름""}",15
5,f,15,2026-07-12 20:14:34.91191+00,5059222,,9,End,242977913,,"{""pressure"": 0.0, ""score_gap"": 15.0, ""big_inning"": 0.0, ""lead_change"": 0.0, ""recent_score"": 0.0, ""late_or_extra"": 0.0, ""count_pressure"": 0.0, ""early_slugfest"": 0.0}",OPERATIONAL,"{""접전 흐름""}",15
6,f,15,2026-07-12 20:15:01.18834+00,5059222,,9,End,242977913,,"{""pressure"": 0.0, ""score_gap"": 15.0, ""big_inning"": 0.0, ""lead_change"": 0.0, ""recent_score"": 0.0, ""late_or_extra"": 0.0, ""count_pressure"": 0.0, ""early_slugfest"": 0.0}",OPERATIONAL,"{""접전 흐름""}",15
7,f,15,2026-07-12 20:15:34.963367+00,5059222,,9,End,242977913,,"{""pressure"": 0.0, ""score_gap"": 15.0, ""big_inning"": 0.0, ""lead_change"": 0.0, ""recent_score"": 0.0, ""late_or_extra"": 0.0, ""count_pressure"": 0.0, ""early_slugfest"": 0.0}",OPERATIONAL,"{""접전 흐름""}",15
8,f,15,2026-07-12 20:17:34.871116+00,5059222,,9,End,242977913,,"{""pressure"": 0.0, ""score_gap"": 15.0, ""big_inning"": 0.0, ""lead_change"": 0.0, ""recent_score"": 0.0, ""late_or_extra"": 0.0, ""count_pressure"": 0.0, ""early_slugfest"": 0.0}",OPERATIONAL,"{""접전 흐름""}",15
9,f,15,2026-07-12 20:18:01.49667+00,5059222,,9,End,242977913,,"{""pressure"": 0.0, ""score_gap"": 15.0, ""big_inning"": 0.0, ""lead_change"": 0.0, ""recent_score"": 0.0, ""late_or_extra"": 0.0, ""count_pressure"": 0.0, ""early_slugfest"": 0.0}",OPERATIONAL,"{""접전 흐름""}",15
10,f,15,2026-07-12 20:20:34.993809+00,5059222,,9,End,242977913,,"{""pressure"": 0.0, ""score_gap"": 15.0, ""big_inning"": 0.0, ""lead_change"": 0.0, ""recent_score"": 0.0, ""late_or_extra"": 0.0, ""count_pressure"": 0.0, ""early_slugfest"": 0.0}",OPERATIONAL,"{""접전 흐름""}",15
11,f,15,2026-07-12 20:21:34.819073+00,5059222,,9,End,242977913,,"{""pressure"": 0.0, ""score_gap"": 15.0, ""big_inning"": 0.0, ""lead_change"": 0.0, ""recent_score"": 0.0, ""late_or_extra"": 0.0, ""count_pressure"": 0.0, ""early_slugfest"": 0.0}",OPERATIONAL,"{""접전 흐름""}",15
12,f,15,2026-07-12 20:22:34.891852+00,5059222,,9,End,242977913,,"{""pressure"": 0.0, ""score_gap"": 15.0, ""big_inning"": 0.0, ""lead_change"": 0.0, ""recent_score"": 0.0, ""late_or_extra"": 0.0, ""count_pressure"": 0.0, ""early_slugfest"": 0.0}",OPERATIONAL,"{""접전 흐름""}",15
13,f,15,2026-07-12 20:23:34.951369+00,5059222,,9,End,242977913,,"{""pressure"": 0.0, ""score_gap"": 15.0, ""big_inning"": 0.0, ""lead_change"": 0.0, ""recent_score"": 0.0, ""late_or_extra"": 0.0, ""count_pressure"": 0.0, ""early_slugfest"": 0.0}",OPERATIONAL,"{""접전 흐름""}",15
14,f,15,2026-07-12 20:24:35.20005+00,5059222,,9,End,242977913,,"{""pressure"": 0.0, ""score_gap"": 15.0, ""big_inning"": 0.0, ""lead_change"": 0.0, ""recent_score"": 0.0, ""late_or_extra"": 0.0, ""count_pressure"": 0.0, ""early_slugfest"": 0.0}",OPERATIONAL,"{""접전 흐름""}",15
15,f,15,2026-07-12 20:25:00.560866+00,5059222,,9,End,242977913,,"{""pressure"": 0.0, ""score_gap"": 15.0, ""big_inning"": 0.0, ""lead_change"": 0.0, ""recent_score"": 0.0, ""late_or_extra"": 0.0, ""count_pressure"": 0.0, ""early_slugfest"": 0.0}",OPERATIONAL,"{""접전 흐름""}",15
16,f,15,2026-07-12 20:25:35.042959+00,5059222,,9,End,242977913,,"{""pressure"": 0.0, ""score_gap"": 15.0, ""big_inning"": 0.0, ""lead_change"": 0.0, ""recent_score"": 0.0, ""late_or_extra"": 0.0, ""count_pressure"": 0.0, ""early_slugfest"": 0.0}",OPERATIONAL,"{""접전 흐름""}",15
17,f,15,2026-07-12 20:26:00.541886+00,5059222,,9,End,242977913,,"{""pressure"": 0.0, ""score_gap"": 15.0, ""big_inning"": 0.0, ""lead_change"": 0.0, ""recent_score"": 0.0, ""late_or_extra"": 0.0, ""count_pressure"": 0.0, ""early_slugfest"": 0.0}",OPERATIONAL,"{""접전 흐름""}",15
18,f,15,2026-07-12 20:26:34.875829+00,5059222,,9,End,242977913,,"{""pressure"": 0.0, ""score_gap"": 15.0, ""big_inning"": 0.0, ""lead_change"": 0.0, ""recent_score"": 0.0, ""late_or_extra"": 0.0, ""count_pressure"": 0.0, ""early_slugfest"": 0.0}",OPERATIONAL,"{""접전 흐름""}",15
19,f,15,2026-07-12 20:27:35.140859+00,5059222,,9,End,242977913,,"{""pressure"": 0.0, ""score_gap"": 15.0, ""big_inning"": 0.0, ""lead_change"": 0.0, ""recent_score"": 0.0, ""late_or_extra"": 0.0, ""count_pressure"": 0.0, ""early_slugfest"": 0.0}",OPERATIONAL,"{""접전 흐름""}",15
20,f,15,2026-07-12 20:29:35.037675+00,5059222,,9,End,242977913,,"{""pressure"": 0.0, ""score_gap"": 15.0, ""big_inning"": 0.0, ""lead_change"": 0.0, ""recent_score"": 0.0, ""late_or_extra"": 0.0, ""count_pressure"": 0.0, ""early_slugfest"": 0.0}",OPERATIONAL,"{""접전 흐름""}",15
21,f,15,2026-07-12 20:30:35.11398+00,5059222,,9,End,242977913,,"{""pressure"": 0.0, ""score_gap"": 15.0, ""big_inning"": 0.0, ""lead_change"": 0.0, ""recent_score"": 0.0, ""late_or_extra"": 0.0, ""count_pressure"": 0.0, ""early_slugfest"": 0.0}",OPERATIONAL,"{""접전 흐름""}",15
22,f,15,2026-07-12 20:31:34.943042+00,5059222,,9,End,242977913,,"{""pressure"": 0.0, ""score_gap"": 15.0, ""big_inning"": 0.0, ""lead_change"": 0.0, ""recent_score"": 0.0, ""late_or_extra"": 0.0, ""count_pressure"": 0.0, ""early_slugfest"": 0.0}",OPERATIONAL,"{""접전 흐름""}",15
23,f,15,2026-07-12 20:32:35.224544+00,5059222,,9,End,242977913,,"{""pressure"": 0.0, ""score_gap"": 15.0, ""big_inning"": 0.0, ""lead_change"": 0.0, ""recent_score"": 0.0, ""late_or_extra"": 0.0, ""count_pressure"": 0.0, ""early_slugfest"": 0.0}",OPERATIONAL,"{""접전 흐름""}",15
24,f,15,2026-07-12 20:32:59.452254+00,5059222,,9,End,242977913,,"{""pressure"": 0.0, ""score_gap"": 15.0, ""big_inning"": 0.0, ""lead_change"": 0.0, ""recent_score"": 0.0, ""late_or_extra"": 0.0, ""count_pressure"": 0.0, ""early_slugfest"": 0.0}",OPERATIONAL,"{""접전 흐름""}",15
25,f,15,2026-07-12 20:33:35.041982+00,5059222,,9,End,242977913,,"{""pressure"": 0.0, ""score_gap"": 15.0, ""big_inning"": 0.0, ""lead_change"": 0.0, ""recent_score"": 0.0, ""late_or_extra"": 0.0, ""count_pressure"": 0.0, ""early_slugfest"": 0.0}",OPERATIONAL,"{""접전 흐름""}",15
26,f,15,2026-07-12 20:34:04.527351+00,5059222,,9,End,242977913,,"{""pressure"": 0.0, ""score_gap"": 15.0, ""big_inning"": 0.0, ""lead_change"": 0.0, ""recent_score"": 0.0, ""late_or_extra"": 0.0, ""count_pressure"": 0.0, ""early_slugfest"": 0.0}",OPERATIONAL,"{""접전 흐름""}",15
27,f,15,2026-07-12 20:36:13.844271+00,5059222,,9,End,242977913,,"{""pressure"": 0.0, ""score_gap"": 15.0, ""big_inning"": 0.0, ""lead_change"": 0.0, ""recent_score"": 0.0, ""late_or_extra"": 0.0, ""count_pressure"": 0.0, ""early_slugfest"": 0.0}",OPERATIONAL,"{""접전 흐름""}",15
28,f,15,2026-07-12 20:37:13.242334+00,5059222,,9,End,242977913,,"{""pressure"": 0.0, ""score_gap"": 15.0, ""big_inning"": 0.0, ""lead_change"": 0.0, ""recent_score"": 0.0, ""late_or_extra"": 0.0, ""count_pressure"": 0.0, ""early_slugfest"": 0.0}",OPERATIONAL,"{""접전 흐름""}",15
29,f,15,2026-07-12 20:39:13.650284+00,5059222,,9,End,242977913,,"{""pressure"": 0.0, ""score_gap"": 15.0, ""big_inning"": 0.0, ""lead_change"": 0.0, ""recent_score"": 0.0, ""late_or_extra"": 0.0, ""count_pressure"": 0.0, ""early_slugfest"": 0.0}",OPERATIONAL,"{""접전 흐름""}",15
30,f,15,2026-07-12 20:40:12.152531+00,5059222,,9,End,242977913,,"{""pressure"": 0.0, ""score_gap"": 15.0, ""big_inning"": 0.0, ""lead_change"": 0.0, ""recent_score"": 0.0, ""late_or_extra"": 0.0, ""count_pressure"": 0.0, ""early_slugfest"": 0.0}",OPERATIONAL,"{""접전 흐름""}",15
31,f,15,2026-07-12 20:40:34.995323+00,5059222,,9,End,242977913,,"{""pressure"": 0.0, ""score_gap"": 15.0, ""big_inning"": 0.0, ""lead_change"": 0.0, ""recent_score"": 0.0, ""late_or_extra"": 0.0, ""count_pressure"": 0.0, ""early_slugfest"": 0.0}",OPERATIONAL,"{""접전 흐름""}",15
32,f,15,2026-07-12 20:41:13.925127+00,5059222,,9,End,242977913,,"{""pressure"": 0.0, ""score_gap"": 15.0, ""big_inning"": 0.0, ""lead_change"": 0.0, ""recent_score"": 0.0, ""late_or_extra"": 0.0, ""count_pressure"": 0.0, ""early_slugfest"": 0.0}",OPERATIONAL,"{""접전 흐름""}",15
33,f,15,2026-07-12 20:42:10.811829+00,5059222,,9,End,242977913,,"{""pressure"": 0.0, ""score_gap"": 15.0, ""big_inning"": 0.0, ""lead_change"": 0.0, ""recent_score"": 0.0, ""late_or_extra"": 0.0, ""count_pressure"": 0.0, ""early_slugfest"": 0.0}",OPERATIONAL,"{""접전 흐름""}",15
34,f,15,2026-07-12 20:43:11.804293+00,5059222,,9,End,242977913,,"{""pressure"": 0.0, ""score_gap"": 15.0, ""big_inning"": 0.0, ""lead_change"": 0.0, ""recent_score"": 0.0, ""late_or_extra"": 0.0, ""count_pressure"": 0.0, ""early_slugfest"": 0.0}",OPERATIONAL,"{""접전 흐름""}",15
35,f,15,2026-07-12 20:44:13.150739+00,5059222,,9,End,242977913,,"{""pressure"": 0.0, ""score_gap"": 15.0, ""big_inning"": 0.0, ""lead_change"": 0.0, ""recent_score"": 0.0, ""late_or_extra"": 0.0, ""count_pressure"": 0.0, ""early_slugfest"": 0.0}",OPERATIONAL,"{""접전 흐름""}",15
36,f,15,2026-07-12 20:45:35.100544+00,5059222,,9,End,242977913,,"{""pressure"": 0.0, ""score_gap"": 15.0, ""big_inning"": 0.0, ""lead_change"": 0.0, ""recent_score"": 0.0, ""late_or_extra"": 0.0, ""count_pressure"": 0.0, ""early_slugfest"": 0.0}",OPERATIONAL,"{""접전 흐름""}",15
37,f,15,2026-07-12 20:47:09.750814+00,5059222,,9,End,242977913,,"{""pressure"": 0.0, ""score_gap"": 15.0, ""big_inning"": 0.0, ""lead_change"": 0.0, ""recent_score"": 0.0, ""late_or_extra"": 0.0, ""count_pressure"": 0.0, ""early_slugfest"": 0.0}",OPERATIONAL,"{""접전 흐름""}",15
38,f,15,2026-07-12 20:48:09.762009+00,5059222,,9,End,242977913,,"{""pressure"": 0.0, ""score_gap"": 15.0, ""big_inning"": 0.0, ""lead_change"": 0.0, ""recent_score"": 0.0, ""late_or_extra"": 0.0, ""count_pressure"": 0.0, ""early_slugfest"": 0.0}",OPERATIONAL,"{""접전 흐름""}",15
39,f,15,2026-07-12 20:50:34.900448+00,5059222,,9,End,242977913,,"{""pressure"": 0.0, ""score_gap"": 15.0, ""big_inning"": 0.0, ""lead_change"": 0.0, ""recent_score"": 0.0, ""late_or_extra"": 0.0, ""count_pressure"": 0.0, ""early_slugfest"": 0.0}",OPERATIONAL,"{""접전 흐름""}",15
40,f,15,2026-07-12 20:51:10.365028+00,5059222,,9,End,242977913,,"{""pressure"": 0.0, ""score_gap"": 15.0, ""big_inning"": 0.0, ""lead_change"": 0.0, ""recent_score"": 0.0, ""late_or_extra"": 0.0, ""count_pressure"": 0.0, ""early_slugfest"": 0.0}",OPERATIONAL,"{""접전 흐름""}",15
41,f,15,2026-07-12 20:52:09.784507+00,5059222,,9,End,242977913,,"{""pressure"": 0.0, ""score_gap"": 15.0, ""big_inning"": 0.0, ""lead_change"": 0.0, ""recent_score"": 0.0, ""late_or_extra"": 0.0, ""count_pressure"": 0.0, ""early_slugfest"": 0.0}",OPERATIONAL,"{""접전 흐름""}",15
42,f,15,2026-07-12 20:53:10.21605+00,5059222,,9,End,242977913,,"{""pressure"": 0.0, ""score_gap"": 15.0, ""big_inning"": 0.0, ""lead_change"": 0.0, ""recent_score"": 0.0, ""late_or_extra"": 0.0, ""count_pressure"": 0.0, ""early_slugfest"": 0.0}",OPERATIONAL,"{""접전 흐름""}",15
43,f,15,2026-07-12 20:54:09.469894+00,5059222,,9,End,242977913,,"{""pressure"": 0.0, ""score_gap"": 15.0, ""big_inning"": 0.0, ""lead_change"": 0.0, ""recent_score"": 0.0, ""late_or_extra"": 0.0, ""count_pressure"": 0.0, ""early_slugfest"": 0.0}",OPERATIONAL,"{""접전 흐름""}",15
44,f,15,2026-07-12 20:55:10.13438+00,5059222,,9,End,242977913,,"{""pressure"": 0.0, ""score_gap"": 15.0, ""big_inning"": 0.0, ""lead_change"": 0.0, ""recent_score"": 0.0, ""late_or_extra"": 0.0, ""count_pressure"": 0.0, ""early_slugfest"": 0.0}",OPERATIONAL,"{""접전 흐름""}",15
45,f,15,2026-07-12 20:55:34.892255+00,5059222,,9,End,242977913,,"{""pressure"": 0.0, ""score_gap"": 15.0, ""big_inning"": 0.0, ""lead_change"": 0.0, ""recent_score"": 0.0, ""late_or_extra"": 0.0, ""count_pressure"": 0.0, ""early_slugfest"": 0.0}",OPERATIONAL,"{""접전 흐름""}",15
46,f,15,2026-07-12 20:56:09.804139+00,5059222,,9,End,242977913,,"{""pressure"": 0.0, ""score_gap"": 15.0, ""big_inning"": 0.0, ""lead_change"": 0.0, ""recent_score"": 0.0, ""late_or_extra"": 0.0, ""count_pressure"": 0.0, ""early_slugfest"": 0.0}",OPERATIONAL,"{""접전 흐름""}",15
47,f,15,2026-07-12 20:57:10.284442+00,5059222,,9,End,242977913,,"{""pressure"": 0.0, ""score_gap"": 15.0, ""big_inning"": 0.0, ""lead_change"": 0.0, ""recent_score"": 0.0, ""late_or_extra"": 0.0, ""count_pressure"": 0.0, ""early_slugfest"": 0.0}",OPERATIONAL,"{""접전 흐름""}",15
48,f,15,2026-07-12 20:59:09.632631+00,5059222,,9,End,242977913,,"{""pressure"": 0.0, ""score_gap"": 15.0, ""big_inning"": 0.0, ""lead_change"": 0.0, ""recent_score"": 0.0, ""late_or_extra"": 0.0, ""count_pressure"": 0.0, ""early_slugfest"": 0.0}",OPERATIONAL,"{""접전 흐름""}",15
49,f,15,2026-07-12 21:00:34.989626+00,5059222,,9,End,242977913,,"{""pressure"": 0.0, ""score_gap"": 15.0, ""big_inning"": 0.0, ""lead_change"": 0.0, ""recent_score"": 0.0, ""late_or_extra"": 0.0, ""count_pressure"": 0.0, ""early_slugfest"": 0.0}",OPERATIONAL,"{""접전 흐름""}",15
50,f,15,2026-07-12 21:02:10.469592+00,5059222,,9,End,242977913,,"{""pressure"": 0.0, ""score_gap"": 15.0, ""big_inning"": 0.0, ""lead_change"": 0.0, ""recent_score"": 0.0, ""late_or_extra"": 0.0, ""count_pressure"": 0.0, ""early_slugfest"": 0.0}",OPERATIONAL,"{""접전 흐름""}",15
51,f,15,2026-07-12 21:03:10.372832+00,5059222,,9,End,242977913,,"{""pressure"": 0.0, ""score_gap"": 15.0, ""big_inning"": 0.0, ""lead_change"": 0.0, ""recent_score"": 0.0, ""late_or_extra"": 0.0, ""count_pressure"": 0.0, ""early_slugfest"": 0.0}",OPERATIONAL,"{""접전 흐름""}",15
52,f,15,2026-07-12 21:07:09.656603+00,5059222,,9,End,242977913,,"{""pressure"": 0.0, ""score_gap"": 15.0, ""big_inning"": 0.0, ""lead_change"": 0.0, ""recent_score"": 0.0, ""late_or_extra"": 0.0, ""count_pressure"": 0.0, ""early_slugfest"": 0.0}",OPERATIONAL,"{""접전 흐름""}",15
53,f,15,2026-07-12 21:08:10.618137+00,5059222,,9,End,242977913,,"{""pressure"": 0.0, ""score_gap"": 15.0, ""big_inning"": 0.0, ""lead_change"": 0.0, ""recent_score"": 0.0, ""late_or_extra"": 0.0, ""count_pressure"": 0.0, ""early_slugfest"": 0.0}",OPERATIONAL,"{""접전 흐름""}",15
54,f,15,2026-07-12 21:09:10.614683+00,5059222,,9,End,242977913,,"{""pressure"": 0.0, ""score_gap"": 15.0, ""big_inning"": 0.0, ""lead_change"": 0.0, ""recent_score"": 0.0, ""late_or_extra"": 0.0, ""count_pressure"": 0.0, ""early_slugfest"": 0.0}",OPERATIONAL,"{""접전 흐름""}",15
55,f,15,2026-07-12 21:10:10.823808+00,5059222,,9,End,242977913,,"{""pressure"": 0.0, ""score_gap"": 15.0, ""big_inning"": 0.0, ""lead_change"": 0.0, ""recent_score"": 0.0, ""late_or_extra"": 0.0, ""count_pressure"": 0.0, ""early_slugfest"": 0.0}",OPERATIONAL,"{""접전 흐름""}",15
56,f,3,2026-07-12 21:10:34.899506+00,5059222,,9,End,242977913,,"{""pressure"": 0.0, ""score_gap"": 3.0, ""big_inning"": 0.0, ""lead_change"": 0.0, ""recent_score"": 0.0, ""late_or_extra"": 0.0, ""count_pressure"": 0.0, ""early_slugfest"": 0.0}",OPERATIONAL,"{""접전 흐름""}",3
57,f,3,2026-07-12 21:13:10.738342+00,5059222,,9,End,242977913,,"{""pressure"": 0.0, ""score_gap"": 3.0, ""big_inning"": 0.0, ""lead_change"": 0.0, ""recent_score"": 0.0, ""late_or_extra"": 0.0, ""count_pressure"": 0.0, ""early_slugfest"": 0.0}",OPERATIONAL,"{""접전 흐름""}",3
58,f,3,2026-07-12 21:14:10.210176+00,5059222,,9,End,242977913,,"{""pressure"": 0.0, ""score_gap"": 3.0, ""big_inning"": 0.0, ""lead_change"": 0.0, ""recent_score"": 0.0, ""late_or_extra"": 0.0, ""count_pressure"": 0.0, ""early_slugfest"": 0.0}",OPERATIONAL,"{""접전 흐름""}",3
59,f,3,2026-07-12 21:15:10.505361+00,5059222,,9,End,242977913,,"{""pressure"": 0.0, ""score_gap"": 3.0, ""big_inning"": 0.0, ""lead_change"": 0.0, ""recent_score"": 0.0, ""late_or_extra"": 0.0, ""count_pressure"": 0.0, ""early_slugfest"": 0.0}",OPERATIONAL,"{""접전 흐름""}",3
60,f,3,2026-07-12 21:15:35.142636+00,5059222,,9,End,242977913,,"{""pressure"": 0.0, ""score_gap"": 3.0, ""big_inning"": 0.0, ""lead_change"": 0.0, ""recent_score"": 0.0, ""late_or_extra"": 0.0, ""count_pressure"": 0.0, ""early_slugfest"": 0.0}",OPERATIONAL,"{""접전 흐름""}",3
61,f,3,2026-07-12 21:17:10.587822+00,5059222,,9,End,242977913,,"{""pressure"": 0.0, ""score_gap"": 3.0, ""big_inning"": 0.0, ""lead_change"": 0.0, ""recent_score"": 0.0, ""late_or_extra"": 0.0, ""count_pressure"": 0.0, ""early_slugfest"": 0.0}",OPERATIONAL,"{""접전 흐름""}",3
62,f,3,2026-07-12 21:18:10.399538+00,5059222,,9,End,242977913,,"{""pressure"": 0.0, ""score_gap"": 3.0, ""big_inning"": 0.0, ""lead_change"": 0.0, ""recent_score"": 0.0, ""late_or_extra"": 0.0, ""count_pressure"": 0.0, ""early_slugfest"": 0.0}",OPERATIONAL,"{""접전 흐름""}",3
63,f,3,2026-07-12 21:19:09.986146+00,5059222,,9,End,242977913,,"{""pressure"": 0.0, ""score_gap"": 3.0, ""big_inning"": 0.0, ""lead_change"": 0.0, ""recent_score"": 0.0, ""late_or_extra"": 0.0, ""count_pressure"": 0.0, ""early_slugfest"": 0.0}",OPERATIONAL,"{""접전 흐름""}",3
64,f,3,2026-07-12 21:20:12.051998+00,5059222,,9,End,242977913,,"{""pressure"": 0.0, ""score_gap"": 3.0, ""big_inning"": 0.0, ""lead_change"": 0.0, ""recent_score"": 0.0, ""late_or_extra"": 0.0, ""count_pressure"": 0.0, ""early_slugfest"": 0.0}",OPERATIONAL,"{""접전 흐름""}",3
65,f,3,2026-07-12 21:20:35.083029+00,5059222,,9,End,242977913,,"{""pressure"": 0.0, ""score_gap"": 3.0, ""big_inning"": 0.0, ""lead_change"": 0.0, ""recent_score"": 0.0, ""late_or_extra"": 0.0, ""count_pressure"": 0.0, ""early_slugfest"": 0.0}",OPERATIONAL,"{""접전 흐름""}",3
66,f,3,2026-07-12 21:21:10.569636+00,5059222,,9,End,242977913,,"{""pressure"": 0.0, ""score_gap"": 3.0, ""big_inning"": 0.0, ""lead_change"": 0.0, ""recent_score"": 0.0, ""late_or_extra"": 0.0, ""count_pressure"": 0.0, ""early_slugfest"": 0.0}",OPERATIONAL,"{""접전 흐름""}",3
67,f,3,2026-07-12 21:23:09.417244+00,5059222,,9,End,242977913,,"{""pressure"": 0.0, ""score_gap"": 3.0, ""big_inning"": 0.0, ""lead_change"": 0.0, ""recent_score"": 0.0, ""late_or_extra"": 0.0, ""count_pressure"": 0.0, ""early_slugfest"": 0.0}",OPERATIONAL,"{""접전 흐름""}",3
68,f,3,2026-07-12 21:24:09.478703+00,5059222,,9,End,242977913,,"{""pressure"": 0.0, ""score_gap"": 3.0, ""big_inning"": 0.0, ""lead_change"": 0.0, ""recent_score"": 0.0, ""late_or_extra"": 0.0, ""count_pressure"": 0.0, ""early_slugfest"": 0.0}",OPERATIONAL,"{""접전 흐름""}",3
69,f,3,2026-07-12 21:25:09.767914+00,5059222,,9,End,242977913,,"{""pressure"": 0.0, ""score_gap"": 3.0, ""big_inning"": 0.0, ""lead_change"": 0.0, ""recent_score"": 0.0, ""late_or_extra"": 0.0, ""count_pressure"": 0.0, ""early_slugfest"": 0.0}",OPERATIONAL,"{""접전 흐름""}",3
70,f,3,2026-07-12 21:28:10.002096+00,5059222,,9,End,242977913,,"{""pressure"": 0.0, ""score_gap"": 3.0, ""big_inning"": 0.0, ""lead_change"": 0.0, ""recent_score"": 0.0, ""late_or_extra"": 0.0, ""count_pressure"": 0.0, ""early_slugfest"": 0.0}",OPERATIONAL,"{""접전 흐름""}",3
71,f,3,2026-07-12 21:29:09.29131+00,5059222,,9,End,242977913,,"{""pressure"": 0.0, ""score_gap"": 3.0, ""big_inning"": 0.0, ""lead_change"": 0.0, ""recent_score"": 0.0, ""late_or_extra"": 0.0, ""count_pressure"": 0.0, ""early_slugfest"": 0.0}",OPERATIONAL,"{""접전 흐름""}",3
72,f,3,2026-07-12 21:30:09.418273+00,5059222,,9,End,242977913,,"{""pressure"": 0.0, ""score_gap"": 3.0, ""big_inning"": 0.0, ""lead_change"": 0.0, ""recent_score"": 0.0, ""late_or_extra"": 0.0, ""count_pressure"": 0.0, ""early_slugfest"": 0.0}",OPERATIONAL,"{""접전 흐름""}",3
73,f,3,2026-07-12 21:33:10.286646+00,5059222,,9,End,242977913,,"{""pressure"": 0.0, ""score_gap"": 3.0, ""big_inning"": 0.0, ""lead_change"": 0.0, ""recent_score"": 0.0, ""late_or_extra"": 0.0, ""count_pressure"": 0.0, ""early_slugfest"": 0.0}",OPERATIONAL,"{""접전 흐름""}",3
74,f,3,2026-07-12 21:34:09.734717+00,5059222,,9,End,242977913,,"{""pressure"": 0.0, ""score_gap"": 3.0, ""big_inning"": 0.0, ""lead_change"": 0.0, ""recent_score"": 0.0, ""late_or_extra"": 0.0, ""count_pressure"": 0.0, ""early_slugfest"": 0.0}",OPERATIONAL,"{""접전 흐름""}",3
75,f,3,2026-07-12 21:35:09.803856+00,5059222,,9,End,242977913,,"{""pressure"": 0.0, ""score_gap"": 3.0, ""big_inning"": 0.0, ""lead_change"": 0.0, ""recent_score"": 0.0, ""late_or_extra"": 0.0, ""count_pressure"": 0.0, ""early_slugfest"": 0.0}",OPERATIONAL,"{""접전 흐름""}",3
76,f,3,2026-07-12 21:35:34.944011+00,5059222,,9,End,242977913,,"{""pressure"": 0.0, ""score_gap"": 3.0, ""big_inning"": 0.0, ""lead_change"": 0.0, ""recent_score"": 0.0, ""late_or_extra"": 0.0, ""count_pressure"": 0.0, ""early_slugfest"": 0.0}",OPERATIONAL,"{""접전 흐름""}",3
77,f,9,2026-07-12 21:37:09.254188+00,5059222,,9,End,242977913,,"{""pressure"": 0.0, ""score_gap"": 9.0, ""big_inning"": 0.0, ""lead_change"": 0.0, ""recent_score"": 0.0, ""late_or_extra"": 0.0, ""count_pressure"": 0.0, ""early_slugfest"": 0.0}",OPERATIONAL,"{""접전 흐름""}",9
78,f,9,2026-07-12 21:38:09.809+00,5059222,,9,End,242977913,,"{""pressure"": 0.0, ""score_gap"": 9.0, ""big_inning"": 0.0, ""lead_change"": 0.0, ""recent_score"": 0.0, ""late_or_extra"": 0.0, ""count_pressure"": 0.0, ""early_slugfest"": 0.0}",OPERATIONAL,"{""접전 흐름""}",9
79,f,9,2026-07-12 21:39:09.685674+00,5059222,,9,End,242977913,,"{""pressure"": 0.0, ""score_gap"": 9.0, ""big_inning"": 0.0, ""lead_change"": 0.0, ""recent_score"": 0.0, ""late_or_extra"": 0.0, ""count_pressure"": 0.0, ""early_slugfest"": 0.0}",OPERATIONAL,"{""접전 흐름""}",9
80,f,9,2026-07-12 21:40:09.976979+00,5059222,,9,End,242977913,,"{""pressure"": 0.0, ""score_gap"": 9.0, ""big_inning"": 0.0, ""lead_change"": 0.0, ""recent_score"": 0.0, ""late_or_extra"": 0.0, ""count_pressure"": 0.0, ""early_slugfest"": 0.0}",OPERATIONAL,"{""접전 흐름""}",9
81,f,9,2026-07-12 21:40:35.004044+00,5059222,,9,End,242977913,,"{""pressure"": 0.0, ""score_gap"": 9.0, ""big_inning"": 0.0, ""lead_change"": 0.0, ""recent_score"": 0.0, ""late_or_extra"": 0.0, ""count_pressure"": 0.0, ""early_slugfest"": 0.0}",OPERATIONAL,"{""접전 흐름""}",9
82,f,9,2026-07-12 21:42:08.669268+00,5059222,,9,End,242977913,,"{""pressure"": 0.0, ""score_gap"": 9.0, ""big_inning"": 0.0, ""lead_change"": 0.0, ""recent_score"": 0.0, ""late_or_extra"": 0.0, ""count_pressure"": 0.0, ""early_slugfest"": 0.0}",OPERATIONAL,"{""접전 흐름""}",9
83,f,15,2026-07-12 21:43:08.578668+00,5059222,,9,End,242977913,,"{""pressure"": 0.0, ""score_gap"": 15.0, ""big_inning"": 0.0, ""lead_change"": 0.0, ""recent_score"": 0.0, ""late_or_extra"": 0.0, ""count_pressure"": 0.0, ""early_slugfest"": 0.0}",OPERATIONAL,"{""접전 흐름""}",15
84,f,15,2026-07-12 21:45:08.596295+00,5059222,,9,End,242977913,,"{""pressure"": 0.0, ""score_gap"": 15.0, ""big_inning"": 0.0, ""lead_change"": 0.0, ""recent_score"": 0.0, ""late_or_extra"": 0.0, ""count_pressure"": 0.0, ""early_slugfest"": 0.0}",OPERATIONAL,"{""접전 흐름""}",15
85,f,15,2026-07-12 21:45:35.061931+00,5059222,,9,End,242977913,,"{""pressure"": 0.0, ""score_gap"": 15.0, ""big_inning"": 0.0, ""lead_change"": 0.0, ""recent_score"": 0.0, ""late_or_extra"": 0.0, ""count_pressure"": 0.0, ""early_slugfest"": 0.0}",OPERATIONAL,"{""접전 흐름""}",15
86,f,15,2026-07-12 21:48:08.841323+00,5059222,,9,End,242977913,,"{""pressure"": 0.0, ""score_gap"": 15.0, ""big_inning"": 0.0, ""lead_change"": 0.0, ""recent_score"": 0.0, ""late_or_extra"": 0.0, ""count_pressure"": 0.0, ""early_slugfest"": 0.0}",OPERATIONAL,"{""접전 흐름""}",15
87,f,15,2026-07-12 21:52:08.148992+00,5059222,,9,End,242977913,,"{""pressure"": 0.0, ""score_gap"": 15.0, ""big_inning"": 0.0, ""lead_change"": 0.0, ""recent_score"": 0.0, ""late_or_extra"": 0.0, ""count_pressure"": 0.0, ""early_slugfest"": 0.0}",OPERATIONAL,"{""접전 흐름""}",15
88,f,15,2026-07-12 21:54:09.130226+00,5059222,,9,End,242977913,,"{""pressure"": 0.0, ""score_gap"": 15.0, ""big_inning"": 0.0, ""lead_change"": 0.0, ""recent_score"": 0.0, ""late_or_extra"": 0.0, ""count_pressure"": 0.0, ""early_slugfest"": 0.0}",OPERATIONAL,"{""접전 흐름""}",15
89,f,15,2026-07-12 21:54:09.827795+00,5059222,,9,End,242977913,,"{""pressure"": 0.0, ""score_gap"": 15.0, ""big_inning"": 0.0, ""lead_change"": 0.0, ""recent_score"": 0.0, ""late_or_extra"": 0.0, ""count_pressure"": 0.0, ""early_slugfest"": 0.0}",OPERATIONAL,"{""접전 흐름""}",15
90,f,15,2026-07-12 21:55:08.752362+00,5059222,,9,End,242977913,,"{""pressure"": 0.0, ""score_gap"": 15.0, ""big_inning"": 0.0, ""lead_change"": 0.0, ""recent_score"": 0.0, ""late_or_extra"": 0.0, ""count_pressure"": 0.0, ""early_slugfest"": 0.0}",OPERATIONAL,"{""접전 흐름""}",15
91,f,15,2026-07-12 22:00:35.023033+00,5059222,,9,End,242977913,,"{""pressure"": 0.0, ""score_gap"": 15.0, ""big_inning"": 0.0, ""lead_change"": 0.0, ""recent_score"": 0.0, ""late_or_extra"": 0.0, ""count_pressure"": 0.0, ""early_slugfest"": 0.0}",OPERATIONAL,"{""접전 흐름""}",15
92,f,15,2026-07-12 22:00:52.629866+00,5059222,,9,End,242977913,,"{""pressure"": 0.0, ""score_gap"": 15.0, ""big_inning"": 0.0, ""lead_change"": 0.0, ""recent_score"": 0.0, ""late_or_extra"": 0.0, ""count_pressure"": 0.0, ""early_slugfest"": 0.0}",OPERATIONAL,"{""접전 흐름""}",15
93,f,15,2026-07-12 22:04:09.053946+00,5059222,,9,End,242977913,,"{""pressure"": 0.0, ""score_gap"": 15.0, ""big_inning"": 0.0, ""lead_change"": 0.0, ""recent_score"": 0.0, ""late_or_extra"": 0.0, ""count_pressure"": 0.0, ""early_slugfest"": 0.0}",OPERATIONAL,"{""접전 흐름""}",15
94,f,15,2026-07-12 22:07:08.727534+00,5059222,,9,End,242977913,,"{""pressure"": 0.0, ""score_gap"": 15.0, ""big_inning"": 0.0, ""lead_change"": 0.0, ""recent_score"": 0.0, ""late_or_extra"": 0.0, ""count_pressure"": 0.0, ""early_slugfest"": 0.0}",OPERATIONAL,"{""접전 흐름""}",15
95,f,15,2026-07-12 22:08:09.233014+00,5059222,,9,End,242977913,,"{""pressure"": 0.0, ""score_gap"": 15.0, ""big_inning"": 0.0, ""lead_change"": 0.0, ""recent_score"": 0.0, ""late_or_extra"": 0.0, ""count_pressure"": 0.0, ""early_slugfest"": 0.0}",OPERATIONAL,"{""접전 흐름""}",15
96,f,15,2026-07-12 22:09:08.792015+00,5059222,,9,End,242977913,,"{""pressure"": 0.0, ""score_gap"": 15.0, ""big_inning"": 0.0, ""lead_change"": 0.0, ""recent_score"": 0.0, ""late_or_extra"": 0.0, ""count_pressure"": 0.0, ""early_slugfest"": 0.0}",OPERATIONAL,"{""접전 흐름""}",15
97,f,15,2026-07-12 22:10:08.97129+00,5059222,,9,End,242977913,,"{""pressure"": 0.0, ""score_gap"": 15.0, ""big_inning"": 0.0, ""lead_change"": 0.0, ""recent_score"": 0.0, ""late_or_extra"": 0.0, ""count_pressure"": 0.0, ""early_slugfest"": 0.0}",OPERATIONAL,"{""접전 흐름""}",15
98,f,15,2026-07-12 22:10:34.892447+00,5059222,,9,End,242977913,,"{""pressure"": 0.0, ""score_gap"": 15.0, ""big_inning"": 0.0, ""lead_change"": 0.0, ""recent_score"": 0.0, ""late_or_extra"": 0.0, ""count_pressure"": 0.0, ""early_slugfest"": 0.0}",OPERATIONAL,"{""접전 흐름""}",15
99,f,15,2026-07-12 22:12:08.973251+00,5059222,,9,End,242977913,,"{""pressure"": 0.0, ""score_gap"": 15.0, ""big_inning"": 0.0, ""lead_change"": 0.0, ""recent_score"": 0.0, ""late_or_extra"": 0.0, ""count_pressure"": 0.0, ""early_slugfest"": 0.0}",OPERATIONAL,"{""접전 흐름""}",15
100,f,15,2026-07-12 22:15:08.861503+00,5059222,,9,End,242977913,,"{""pressure"": 0.0, ""score_gap"": 15.0, ""big_inning"": 0.0, ""lead_change"": 0.0, ""recent_score"": 0.0, ""late_or_extra"": 0.0, ""count_pressure"": 0.0, ""early_slugfest"": 0.0}",OPERATIONAL,"{""접전 흐름""}",15
101,f,15,2026-07-12 22:15:35.151041+00,5059222,,9,End,242977913,,"{""pressure"": 0.0, ""score_gap"": 15.0, ""big_inning"": 0.0, ""lead_change"": 0.0, ""recent_score"": 0.0, ""late_or_extra"": 0.0, ""count_pressure"": 0.0, ""early_slugfest"": 0.0}",OPERATIONAL,"{""접전 흐름""}",15
102,f,15,2026-07-12 22:17:08.830164+00,5059222,,9,End,242977913,,"{""pressure"": 0.0, ""score_gap"": 15.0, ""big_inning"": 0.0, ""lead_change"": 0.0, ""recent_score"": 0.0, ""late_or_extra"": 0.0, ""count_pressure"": 0.0, ""early_slugfest"": 0.0}",OPERATIONAL,"{""접전 흐름""}",15
103,f,21,2026-07-12 22:18:08.56556+00,5059222,,9,End,242977913,,"{""pressure"": 0.0, ""score_gap"": 15.0, ""big_inning"": 0.0, ""lead_change"": 0.0, ""recent_score"": 0.0, ""late_or_extra"": 6.0, ""count_pressure"": 0.0, ""early_slugfest"": 0.0}",OPERATIONAL,"{""후반 긴장 구간"",""접전 흐름""}",21
104,f,21,2026-07-12 22:20:08.928167+00,5059222,,9,End,242977913,,"{""pressure"": 0.0, ""score_gap"": 15.0, ""big_inning"": 0.0, ""lead_change"": 0.0, ""recent_score"": 0.0, ""late_or_extra"": 6.0, ""count_pressure"": 0.0, ""early_slugfest"": 0.0}",OPERATIONAL,"{""후반 긴장 구간"",""접전 흐름""}",21
105,f,21,2026-07-12 22:23:09.00199+00,5059222,,9,End,242977913,,"{""pressure"": 0.0, ""score_gap"": 15.0, ""big_inning"": 0.0, ""lead_change"": 0.0, ""recent_score"": 0.0, ""late_or_extra"": 6.0, ""count_pressure"": 0.0, ""early_slugfest"": 0.0}",OPERATIONAL,"{""후반 긴장 구간"",""접전 흐름""}",21
106,f,21,2026-07-12 22:24:08.540793+00,5059222,,9,End,242977913,,"{""pressure"": 0.0, ""score_gap"": 15.0, ""big_inning"": 0.0, ""lead_change"": 0.0, ""recent_score"": 0.0, ""late_or_extra"": 6.0, ""count_pressure"": 0.0, ""early_slugfest"": 0.0}",OPERATIONAL,"{""후반 긴장 구간"",""접전 흐름""}",21
107,f,21,2026-07-12 22:27:08.39031+00,5059222,,9,End,242977913,,"{""pressure"": 0.0, ""score_gap"": 15.0, ""big_inning"": 0.0, ""lead_change"": 0.0, ""recent_score"": 0.0, ""late_or_extra"": 6.0, ""count_pressure"": 0.0, ""early_slugfest"": 0.0}",OPERATIONAL,"{""후반 긴장 구간"",""접전 흐름""}",21
108,f,21,2026-07-12 22:30:08.670418+00,5059222,,9,End,242977913,,"{""pressure"": 0.0, ""score_gap"": 15.0, ""big_inning"": 0.0, ""lead_change"": 0.0, ""recent_score"": 0.0, ""late_or_extra"": 6.0, ""count_pressure"": 0.0, ""early_slugfest"": 0.0}",OPERATIONAL,"{""후반 긴장 구간"",""접전 흐름""}",21
109,f,21,2026-07-12 22:33:08.091429+00,5059222,,9,End,242977913,,"{""pressure"": 0.0, ""score_gap"": 15.0, ""big_inning"": 0.0, ""lead_change"": 0.0, ""recent_score"": 0.0, ""late_or_extra"": 6.0, ""count_pressure"": 0.0, ""early_slugfest"": 0.0}",OPERATIONAL,"{""후반 긴장 구간"",""접전 흐름""}",21
110,f,21,2026-07-12 22:34:08.196543+00,5059222,,9,End,242977913,,"{""pressure"": 0.0, ""score_gap"": 15.0, ""big_inning"": 0.0, ""lead_change"": 0.0, ""recent_score"": 0.0, ""late_or_extra"": 6.0, ""count_pressure"": 0.0, ""early_slugfest"": 0.0}",OPERATIONAL,"{""후반 긴장 구간"",""접전 흐름""}",21
111,f,21,2026-07-12 22:36:08.109349+00,5059222,,9,End,242977913,,"{""pressure"": 0.0, ""score_gap"": 15.0, ""big_inning"": 0.0, ""lead_change"": 0.0, ""recent_score"": 0.0, ""late_or_extra"": 6.0, ""count_pressure"": 0.0, ""early_slugfest"": 0.0}",OPERATIONAL,"{""후반 긴장 구간"",""접전 흐름""}",21
112,f,21,2026-07-12 22:37:07.792912+00,5059222,,9,End,242977913,,"{""pressure"": 0.0, ""score_gap"": 15.0, ""big_inning"": 0.0, ""lead_change"": 0.0, ""recent_score"": 0.0, ""late_or_extra"": 6.0, ""count_pressure"": 0.0, ""early_slugfest"": 0.0}",OPERATIONAL,"{""후반 긴장 구간"",""접전 흐름""}",21
113,f,21,2026-07-12 22:38:07.575417+00,5059222,,9,End,242977913,,"{""pressure"": 0.0, ""score_gap"": 15.0, ""big_inning"": 0.0, ""lead_change"": 0.0, ""recent_score"": 0.0, ""late_or_extra"": 6.0, ""count_pressure"": 0.0, ""early_slugfest"": 0.0}",OPERATIONAL,"{""후반 긴장 구간"",""접전 흐름""}",21
114,f,21,2026-07-12 22:42:07.995246+00,5059222,,9,End,242977913,,"{""pressure"": 0.0, ""score_gap"": 15.0, ""big_inning"": 0.0, ""lead_change"": 0.0, ""recent_score"": 0.0, ""late_or_extra"": 6.0, ""count_pressure"": 0.0, ""early_slugfest"": 0.0}",OPERATIONAL,"{""후반 긴장 구간"",""접전 흐름""}",21
115,f,21,2026-07-12 22:44:08.099178+00,5059222,,9,End,242977913,,"{""pressure"": 0.0, ""score_gap"": 15.0, ""big_inning"": 0.0, ""lead_change"": 0.0, ""recent_score"": 0.0, ""late_or_extra"": 6.0, ""count_pressure"": 0.0, ""early_slugfest"": 0.0}",OPERATIONAL,"{""후반 긴장 구간"",""접전 흐름""}",21
116,f,21,2026-07-12 22:46:08.682382+00,5059222,,9,End,242977913,,"{""pressure"": 0.0, ""score_gap"": 15.0, ""big_inning"": 0.0, ""lead_change"": 0.0, ""recent_score"": 0.0, ""late_or_extra"": 6.0, ""count_pressure"": 0.0, ""early_slugfest"": 0.0}",OPERATIONAL,"{""후반 긴장 구간"",""접전 흐름""}",21
117,f,27,2026-07-12 22:50:34.888024+00,5059222,,9,End,242977913,,"{""pressure"": 0.0, ""score_gap"": 15.0, ""big_inning"": 0.0, ""lead_change"": 0.0, ""recent_score"": 0.0, ""late_or_extra"": 12.0, ""count_pressure"": 0.0, ""early_slugfest"": 0.0}",OPERATIONAL,"{""후반 긴장 구간"",""접전 흐름""}",27
118,f,27,2026-07-12 22:57:07.095439+00,5059222,,9,End,242977913,,"{""pressure"": 0.0, ""score_gap"": 15.0, ""big_inning"": 0.0, ""lead_change"": 0.0, ""recent_score"": 0.0, ""late_or_extra"": 12.0, ""count_pressure"": 0.0, ""early_slugfest"": 0.0}",OPERATIONAL,"{""후반 긴장 구간"",""접전 흐름""}",27
119,f,21,2026-07-12 22:58:06.673296+00,5059222,,9,End,242977913,,"{""pressure"": 0.0, ""score_gap"": 9.0, ""big_inning"": 0.0, ""lead_change"": 0.0, ""recent_score"": 0.0, ""late_or_extra"": 12.0, ""count_pressure"": 0.0, ""early_slugfest"": 0.0}",OPERATIONAL,"{""후반 긴장 구간"",""접전 흐름""}",21
120,f,21,2026-07-12 23:00:35.009833+00,5059222,,9,End,242977913,,"{""pressure"": 0.0, ""score_gap"": 9.0, ""big_inning"": 0.0, ""lead_change"": 0.0, ""recent_score"": 0.0, ""late_or_extra"": 12.0, ""count_pressure"": 0.0, ""early_slugfest"": 0.0}",OPERATIONAL,"{""후반 긴장 구간"",""접전 흐름""}",21
